event_type,event_slug,duration_minutes,start,end,timezone,invitees_remaining,booking_url
Quick Chat,quick-chat,15,2026-09-14T08:00:00-05:00,2026-09-14T08:15:00-05:00,America/Chicago,1,https://calendly.com/demo-host/quick-chat/2026-09-14T13:00:00Z
Coffee Chat,coffee-chat,20,2026-09-14T08:00:00-05:00,2026-09-14T08:20:00-05:00,America/Chicago,1,https://calendly.com/demo-host/coffee-chat/2026-09-14T13:00:00Z
Team Intro,team-intro,30,2026-09-14T08:00:00-05:00,2026-09-14T08:30:00-05:00,America/Chicago,1,https://calendly.com/demo-host/team-intro/2026-09-14T13:00:00Z
Quick Chat,quick-chat,15,2026-09-14T08:15:00-05:00,2026-09-14T08:30:00-05:00,America/Chicago,1,https://calendly.com/demo-host/quick-chat/2026-09-14T13:15:00Z
Coffee Chat,coffee-chat,20,2026-09-14T08:15:00-05:00,2026-09-14T08:35:00-05:00,America/Chicago,1,https://calendly.com/demo-host/coffee-chat/2026-09-14T13:15:00Z
Team Intro,team-intro,30,2026-09-14T08:15:00-05:00,2026-09-14T08:45:00-05:00,America/Chicago,1,https://calendly.com/demo-host/team-intro/2026-09-14T13:15:00Z
Quick Chat,quick-chat,15,2026-09-14T08:30:00-05:00,2026-09-14T08:45:00-05:00,America/Chicago,1,https://calendly.com/demo-host/quick-chat/2026-09-14T13:30:00Z
Coffee Chat,coffee-chat,20,2026-09-14T08:30:00-05:00,2026-09-14T08:50:00-05:00,America/Chicago,1,https://calendly.com/demo-host/coffee-chat/2026-09-14T13:30:00Z
Team Intro,team-intro,30,2026-09-14T08:30:00-05:00,2026-09-14T09:00:00-05:00,America/Chicago,1,https://calendly.com/demo-host/team-intro/2026-09-14T13:30:00Z
Quick Chat,quick-chat,15,2026-09-14T08:45:00-05:00,2026-09-14T09:00:00-05:00,America/Chicago,1,https://calendly.com/demo-host/quick-chat/2026-09-14T13:45:00Z
Coffee Chat,coffee-chat,20,2026-09-14T08:45:00-05:00,2026-09-14T09:05:00-05:00,America/Chicago,1,https://calendly.com/demo-host/coffee-chat/2026-09-14T13:45:00Z
Team Intro,team-intro,30,2026-09-14T08:45:00-05:00,2026-09-14T09:15:00-05:00,America/Chicago,1,https://calendly.com/demo-host/team-intro/2026-09-14T13:45:00Z
Quick Chat,quick-chat,15,2026-09-14T09:00:00-05:00,2026-09-14T09:15:00-05:00,America/Chicago,1,https://calendly.com/demo-host/quick-chat/2026-09-14T14:00:00Z
Coffee Chat,coffee-chat,20,2026-09-14T09:00:00-05:00,2026-09-14T09:20:00-05:00,America/Chicago,1,https://calendly.com/demo-host/coffee-chat/2026-09-14T14:00:00Z
Team Intro,team-intro,30,2026-09-14T09:00:00-05:00,2026-09-14T09:30:00-05:00,America/Chicago,1,https://calendly.com/demo-host/team-intro/2026-09-14T14:00:00Z
Quick Chat,quick-chat,15,2026-09-14T09:15:00-05:00,2026-09-14T09:30:00-05:00,America/Chicago,1,https://calendly.com/demo-host/quick-chat/2026-09-14T14:15:00Z
Coffee Chat,coffee-chat,20,2026-09-14T09:15:00-05:00,2026-09-14T09:35:00-05:00,America/Chicago,1,https://calendly.com/demo-host/coffee-chat/2026-09-14T14:15:00Z
Team Intro,team-intro,30,2026-09-14T09:15:00-05:00,2026-09-14T09:45:00-05:00,America/Chicago,1,https://calendly.com/demo-host/team-intro/2026-09-14T14:15:00Z
Quick Chat,quick-chat,15,2026-09-14T09:30:00-05:00,2026-09-14T09:45:00-05:00,America/Chicago,1,https://calendly.com/demo-host/quick-chat/2026-09-14T14:30:00Z
Coffee Chat,coffee-chat,20,2026-09-14T09:30:00-05:00,2026-09-14T09:50:00-05:00,America/Chicago,1,https://calendly.com/demo-host/coffee-chat/2026-09-14T14:30:00Z
Team Intro,team-intro,30,2026-09-14T09:30:00-05:00,2026-09-14T10:00:00-05:00,America/Chicago,1,https://calendly.com/demo-host/team-intro/2026-09-14T14:30:00Z
Quick Chat,quick-chat,15,2026-09-14T09:45:00-05:00,2026-09-14T10:00:00-05:00,America/Chicago,1,https://calendly.com/demo-host/quick-chat/2026-09-14T14:45:00Z
Coffee Chat,coffee-chat,20,2026-09-14T09:45:00-05:00,2026-09-14T10:05:00-05:00,America/Chicago,1,https://calendly.com/demo-host/coffee-chat/2026-09-14T14:45:00Z
Team Intro,team-intro,30,2026-09-14T09:45:00-05:00,2026-09-14T10:15:00-05:00,America/Chicago,1,https://calendly.com/demo-host/team-intro/2026-09-14T14:45:00Z
Quick Chat,quick-chat,15,2026-09-14T10:00:00-05:00,2026-09-14T10:15:00-05:00,America/Chicago,1,https://calendly.com/demo-host/quick-chat/2026-09-14T15:00:00Z
Coffee Chat,coffee-chat,20,2026-09-14T10:00:00-05:00,2026-09-14T10:20:00-05:00,America/Chicago,1,https://calendly.com/demo-host/coffee-chat/2026-09-14T15:00:00Z
Team Intro,team-intro,30,2026-09-14T10:00:00-05:00,2026-09-14T10:30:00-05:00,America/Chicago,1,https://calendly.com/demo-host/team-intro/2026-09-14T15:00:00Z
Quick Chat,quick-chat,15,2026-09-14T10:15:00-05:00,2026-09-14T10:30:00-05:00,America/Chicago,1,https://calendly.com/demo-host/quick-chat/2026-09-14T15:15:00Z
Working Session,working-session,45,2026-09-14T11:00:00-05:00,2026-09-14T11:45:00-05:00,America/Chicago,1,https://calendly.com/demo-host/working-session/2026-09-14T16:00:00Z
Working Session,working-session,45,2026-09-14T11:15:00-05:00,2026-09-14T12:00:00-05:00,America/Chicago,1,https://calendly.com/demo-host/working-session/2026-09-14T16:15:00Z
Working Session,working-session,45,2026-09-14T11:30:00-05:00,2026-09-14T12:15:00-05:00,America/Chicago,1,https://calendly.com/demo-host/working-session/2026-09-14T16:30:00Z
Working Session,working-session,45,2026-09-14T11:45:00-05:00,2026-09-14T12:30:00-05:00,America/Chicago,1,https://calendly.com/demo-host/working-session/2026-09-14T16:45:00Z
Working Session,working-session,45,2026-09-14T12:00:00-05:00,2026-09-14T12:45:00-05:00,America/Chicago,1,https://calendly.com/demo-host/working-session/2026-09-14T17:00:00Z
Working Session,working-session,45,2026-09-14T12:15:00-05:00,2026-09-14T13:00:00-05:00,America/Chicago,1,https://calendly.com/demo-host/working-session/2026-09-14T17:15:00Z
Deep Dive,deep-dive,60,2026-09-14T14:00:00-05:00,2026-09-14T15:00:00-05:00,America/Chicago,1,https://calendly.com/demo-host/deep-dive/2026-09-14T19:00:00Z
Deep Dive,deep-dive,60,2026-09-14T14:15:00-05:00,2026-09-14T15:15:00-05:00,America/Chicago,1,https://calendly.com/demo-host/deep-dive/2026-09-14T19:15:00Z
Deep Dive,deep-dive,60,2026-09-14T14:30:00-05:00,2026-09-14T15:30:00-05:00,America/Chicago,1,https://calendly.com/demo-host/deep-dive/2026-09-14T19:30:00Z
Deep Dive,deep-dive,60,2026-09-14T14:45:00-05:00,2026-09-14T15:45:00-05:00,America/Chicago,1,https://calendly.com/demo-host/deep-dive/2026-09-14T19:45:00Z
Deep Dive,deep-dive,60,2026-09-14T15:00:00-05:00,2026-09-14T16:00:00-05:00,America/Chicago,1,https://calendly.com/demo-host/deep-dive/2026-09-14T20:00:00Z
Deep Dive,deep-dive,60,2026-09-14T15:15:00-05:00,2026-09-14T16:15:00-05:00,America/Chicago,1,https://calendly.com/demo-host/deep-dive/2026-09-14T20:15:00Z
Deep Dive,deep-dive,60,2026-09-14T15:30:00-05:00,2026-09-14T16:30:00-05:00,America/Chicago,1,https://calendly.com/demo-host/deep-dive/2026-09-14T20:30:00Z
Quick Chat,quick-chat,15,2026-09-15T08:30:00-05:00,2026-09-15T08:45:00-05:00,America/Chicago,1,https://calendly.com/demo-host/quick-chat/2026-09-15T13:30:00Z
Advisor Call,advisor-call,25,2026-09-15T08:30:00-05:00,2026-09-15T08:55:00-05:00,America/Chicago,1,https://calendly.com/demo-host/advisor-call/2026-09-15T13:30:00Z
Team Intro,team-intro,30,2026-09-15T08:30:00-05:00,2026-09-15T09:00:00-05:00,America/Chicago,1,https://calendly.com/demo-host/team-intro/2026-09-15T13:30:00Z
Working Session,working-session,45,2026-09-15T08:30:00-05:00,2026-09-15T09:15:00-05:00,America/Chicago,1,https://calendly.com/demo-host/working-session/2026-09-15T13:30:00Z
Quick Chat,quick-chat,15,2026-09-15T08:45:00-05:00,2026-09-15T09:00:00-05:00,America/Chicago,1,https://calendly.com/demo-host/quick-chat/2026-09-15T13:45:00Z
Advisor Call,advisor-call,25,2026-09-15T08:45:00-05:00,2026-09-15T09:10:00-05:00,America/Chicago,1,https://calendly.com/demo-host/advisor-call/2026-09-15T13:45:00Z
Team Intro,team-intro,30,2026-09-15T08:45:00-05:00,2026-09-15T09:15:00-05:00,America/Chicago,1,https://calendly.com/demo-host/team-intro/2026-09-15T13:45:00Z
Working Session,working-session,45,2026-09-15T08:45:00-05:00,2026-09-15T09:30:00-05:00,America/Chicago,1,https://calendly.com/demo-host/working-session/2026-09-15T13:45:00Z
Quick Chat,quick-chat,15,2026-09-15T09:00:00-05:00,2026-09-15T09:15:00-05:00,America/Chicago,1,https://calendly.com/demo-host/quick-chat/2026-09-15T14:00:00Z
Advisor Call,advisor-call,25,2026-09-15T09:00:00-05:00,2026-09-15T09:25:00-05:00,America/Chicago,1,https://calendly.com/demo-host/advisor-call/2026-09-15T14:00:00Z
Team Intro,team-intro,30,2026-09-15T09:00:00-05:00,2026-09-15T09:30:00-05:00,America/Chicago,1,https://calendly.com/demo-host/team-intro/2026-09-15T14:00:00Z
Working Session,working-session,45,2026-09-15T09:00:00-05:00,2026-09-15T09:45:00-05:00,America/Chicago,1,https://calendly.com/demo-host/working-session/2026-09-15T14:00:00Z
Quick Chat,quick-chat,15,2026-09-15T09:15:00-05:00,2026-09-15T09:30:00-05:00,America/Chicago,1,https://calendly.com/demo-host/quick-chat/2026-09-15T14:15:00Z
Advisor Call,advisor-call,25,2026-09-15T09:15:00-05:00,2026-09-15T09:40:00-05:00,America/Chicago,1,https://calendly.com/demo-host/advisor-call/2026-09-15T14:15:00Z
Team Intro,team-intro,30,2026-09-15T09:15:00-05:00,2026-09-15T09:45:00-05:00,America/Chicago,1,https://calendly.com/demo-host/team-intro/2026-09-15T14:15:00Z
Working Session,working-session,45,2026-09-15T09:15:00-05:00,2026-09-15T10:00:00-05:00,America/Chicago,1,https://calendly.com/demo-host/working-session/2026-09-15T14:15:00Z
Quick Chat,quick-chat,15,2026-09-15T09:30:00-05:00,2026-09-15T09:45:00-05:00,America/Chicago,1,https://calendly.com/demo-host/quick-chat/2026-09-15T14:30:00Z
Advisor Call,advisor-call,25,2026-09-15T09:30:00-05:00,2026-09-15T09:55:00-05:00,America/Chicago,1,https://calendly.com/demo-host/advisor-call/2026-09-15T14:30:00Z
Team Intro,team-intro,30,2026-09-15T09:30:00-05:00,2026-09-15T10:00:00-05:00,America/Chicago,1,https://calendly.com/demo-host/team-intro/2026-09-15T14:30:00Z
Working Session,working-session,45,2026-09-15T09:30:00-05:00,2026-09-15T10:15:00-05:00,America/Chicago,1,https://calendly.com/demo-host/working-session/2026-09-15T14:30:00Z
Quick Chat,quick-chat,15,2026-09-15T09:45:00-05:00,2026-09-15T10:00:00-05:00,America/Chicago,1,https://calendly.com/demo-host/quick-chat/2026-09-15T14:45:00Z
Advisor Call,advisor-call,25,2026-09-15T09:45:00-05:00,2026-09-15T10:10:00-05:00,America/Chicago,1,https://calendly.com/demo-host/advisor-call/2026-09-15T14:45:00Z
Team Intro,team-intro,30,2026-09-15T09:45:00-05:00,2026-09-15T10:15:00-05:00,America/Chicago,1,https://calendly.com/demo-host/team-intro/2026-09-15T14:45:00Z
Working Session,working-session,45,2026-09-15T09:45:00-05:00,2026-09-15T10:30:00-05:00,America/Chicago,1,https://calendly.com/demo-host/working-session/2026-09-15T14:45:00Z
Quick Chat,quick-chat,15,2026-09-15T10:00:00-05:00,2026-09-15T10:15:00-05:00,America/Chicago,1,https://calendly.com/demo-host/quick-chat/2026-09-15T15:00:00Z
Advisor Call,advisor-call,25,2026-09-15T10:00:00-05:00,2026-09-15T10:25:00-05:00,America/Chicago,1,https://calendly.com/demo-host/advisor-call/2026-09-15T15:00:00Z
Team Intro,team-intro,30,2026-09-15T10:00:00-05:00,2026-09-15T10:30:00-05:00,America/Chicago,1,https://calendly.com/demo-host/team-intro/2026-09-15T15:00:00Z
Working Session,working-session,45,2026-09-15T10:00:00-05:00,2026-09-15T10:45:00-05:00,America/Chicago,1,https://calendly.com/demo-host/working-session/2026-09-15T15:00:00Z
Quick Chat,quick-chat,15,2026-09-15T10:15:00-05:00,2026-09-15T10:30:00-05:00,America/Chicago,1,https://calendly.com/demo-host/quick-chat/2026-09-15T15:15:00Z
Advisor Call,advisor-call,25,2026-09-15T10:15:00-05:00,2026-09-15T10:40:00-05:00,America/Chicago,1,https://calendly.com/demo-host/advisor-call/2026-09-15T15:15:00Z
Team Intro,team-intro,30,2026-09-15T10:15:00-05:00,2026-09-15T10:45:00-05:00,America/Chicago,1,https://calendly.com/demo-host/team-intro/2026-09-15T15:15:00Z
Working Session,working-session,45,2026-09-15T10:15:00-05:00,2026-09-15T11:00:00-05:00,America/Chicago,1,https://calendly.com/demo-host/working-session/2026-09-15T15:15:00Z
Quick Chat,quick-chat,15,2026-09-15T10:30:00-05:00,2026-09-15T10:45:00-05:00,America/Chicago,1,https://calendly.com/demo-host/quick-chat/2026-09-15T15:30:00Z
Advisor Call,advisor-call,25,2026-09-15T10:30:00-05:00,2026-09-15T10:55:00-05:00,America/Chicago,1,https://calendly.com/demo-host/advisor-call/2026-09-15T15:30:00Z
Team Intro,team-intro,30,2026-09-15T10:30:00-05:00,2026-09-15T11:00:00-05:00,America/Chicago,1,https://calendly.com/demo-host/team-intro/2026-09-15T15:30:00Z
Working Session,working-session,45,2026-09-15T10:30:00-05:00,2026-09-15T11:15:00-05:00,America/Chicago,1,https://calendly.com/demo-host/working-session/2026-09-15T15:30:00Z
Quick Chat,quick-chat,15,2026-09-15T10:45:00-05:00,2026-09-15T11:00:00-05:00,America/Chicago,1,https://calendly.com/demo-host/quick-chat/2026-09-15T15:45:00Z
Advisor Call,advisor-call,25,2026-09-15T10:45:00-05:00,2026-09-15T11:10:00-05:00,America/Chicago,1,https://calendly.com/demo-host/advisor-call/2026-09-15T15:45:00Z
Team Intro,team-intro,30,2026-09-15T10:45:00-05:00,2026-09-15T11:15:00-05:00,America/Chicago,1,https://calendly.com/demo-host/team-intro/2026-09-15T15:45:00Z
Working Session,working-session,45,2026-09-15T10:45:00-05:00,2026-09-15T11:30:00-05:00,America/Chicago,1,https://calendly.com/demo-host/working-session/2026-09-15T15:45:00Z
Quick Chat,quick-chat,15,2026-09-15T11:00:00-05:00,2026-09-15T11:15:00-05:00,America/Chicago,1,https://calendly.com/demo-host/quick-chat/2026-09-15T16:00:00Z
Advisor Call,advisor-call,25,2026-09-15T11:00:00-05:00,2026-09-15T11:25:00-05:00,America/Chicago,1,https://calendly.com/demo-host/advisor-call/2026-09-15T16:00:00Z
Team Intro,team-intro,30,2026-09-15T11:00:00-05:00,2026-09-15T11:30:00-05:00,America/Chicago,1,https://calendly.com/demo-host/team-intro/2026-09-15T16:00:00Z
Working Session,working-session,45,2026-09-15T11:00:00-05:00,2026-09-15T11:45:00-05:00,America/Chicago,1,https://calendly.com/demo-host/working-session/2026-09-15T16:00:00Z
Quick Chat,quick-chat,15,2026-09-15T11:15:00-05:00,2026-09-15T11:30:00-05:00,America/Chicago,1,https://calendly.com/demo-host/quick-chat/2026-09-15T16:15:00Z
Advisor Call,advisor-call,25,2026-09-15T11:15:00-05:00,2026-09-15T11:40:00-05:00,America/Chicago,1,https://calendly.com/demo-host/advisor-call/2026-09-15T16:15:00Z
Team Intro,team-intro,30,2026-09-15T11:15:00-05:00,2026-09-15T11:45:00-05:00,America/Chicago,1,https://calendly.com/demo-host/team-intro/2026-09-15T16:15:00Z
Working Session,working-session,45,2026-09-15T11:15:00-05:00,2026-09-15T12:00:00-05:00,America/Chicago,1,https://calendly.com/demo-host/working-session/2026-09-15T16:15:00Z
Quick Chat,quick-chat,15,2026-09-15T11:30:00-05:00,2026-09-15T11:45:00-05:00,America/Chicago,1,https://calendly.com/demo-host/quick-chat/2026-09-15T16:30:00Z
Advisor Call,advisor-call,25,2026-09-15T11:30:00-05:00,2026-09-15T11:55:00-05:00,America/Chicago,1,https://calendly.com/demo-host/advisor-call/2026-09-15T16:30:00Z
Team Intro,team-intro,30,2026-09-15T11:30:00-05:00,2026-09-15T12:00:00-05:00,America/Chicago,1,https://calendly.com/demo-host/team-intro/2026-09-15T16:30:00Z
Quick Chat,quick-chat,15,2026-09-15T11:45:00-05:00,2026-09-15T12:00:00-05:00,America/Chicago,1,https://calendly.com/demo-host/quick-chat/2026-09-15T16:45:00Z
Team Intro,team-intro,30,2026-09-15T13:30:00-05:00,2026-09-15T14:00:00-05:00,America/Chicago,1,https://calendly.com/demo-host/team-intro/2026-09-15T18:30:00Z
Deep Dive,deep-dive,60,2026-09-15T13:30:00-05:00,2026-09-15T14:30:00-05:00,America/Chicago,1,https://calendly.com/demo-host/deep-dive/2026-09-15T18:30:00Z
Team Intro,team-intro,30,2026-09-15T13:45:00-05:00,2026-09-15T14:15:00-05:00,America/Chicago,1,https://calendly.com/demo-host/team-intro/2026-09-15T18:45:00Z
Deep Dive,deep-dive,60,2026-09-15T13:45:00-05:00,2026-09-15T14:45:00-05:00,America/Chicago,1,https://calendly.com/demo-host/deep-dive/2026-09-15T18:45:00Z
Team Intro,team-intro,30,2026-09-15T14:00:00-05:00,2026-09-15T14:30:00-05:00,America/Chicago,1,https://calendly.com/demo-host/team-intro/2026-09-15T19:00:00Z
Deep Dive,deep-dive,60,2026-09-15T14:00:00-05:00,2026-09-15T15:00:00-05:00,America/Chicago,1,https://calendly.com/demo-host/deep-dive/2026-09-15T19:00:00Z
Team Intro,team-intro,30,2026-09-15T14:15:00-05:00,2026-09-15T14:45:00-05:00,America/Chicago,1,https://calendly.com/demo-host/team-intro/2026-09-15T19:15:00Z
Deep Dive,deep-dive,60,2026-09-15T14:15:00-05:00,2026-09-15T15:15:00-05:00,America/Chicago,1,https://calendly.com/demo-host/deep-dive/2026-09-15T19:15:00Z
Team Intro,team-intro,30,2026-09-15T14:30:00-05:00,2026-09-15T15:00:00-05:00,America/Chicago,1,https://calendly.com/demo-host/team-intro/2026-09-15T19:30:00Z
Deep Dive,deep-dive,60,2026-09-15T14:30:00-05:00,2026-09-15T15:30:00-05:00,America/Chicago,1,https://calendly.com/demo-host/deep-dive/2026-09-15T19:30:00Z
Team Intro,team-intro,30,2026-09-15T14:45:00-05:00,2026-09-15T15:15:00-05:00,America/Chicago,1,https://calendly.com/demo-host/team-intro/2026-09-15T19:45:00Z
Deep Dive,deep-dive,60,2026-09-15T14:45:00-05:00,2026-09-15T15:45:00-05:00,America/Chicago,1,https://calendly.com/demo-host/deep-dive/2026-09-15T19:45:00Z
Team Intro,team-intro,30,2026-09-15T15:00:00-05:00,2026-09-15T15:30:00-05:00,America/Chicago,1,https://calendly.com/demo-host/team-intro/2026-09-15T20:00:00Z
Deep Dive,deep-dive,60,2026-09-15T15:00:00-05:00,2026-09-15T16:00:00-05:00,America/Chicago,1,https://calendly.com/demo-host/deep-dive/2026-09-15T20:00:00Z
Team Intro,team-intro,30,2026-09-15T15:15:00-05:00,2026-09-15T15:45:00-05:00,America/Chicago,1,https://calendly.com/demo-host/team-intro/2026-09-15T20:15:00Z
Deep Dive,deep-dive,60,2026-09-15T15:15:00-05:00,2026-09-15T16:15:00-05:00,America/Chicago,1,https://calendly.com/demo-host/deep-dive/2026-09-15T20:15:00Z
Team Intro,team-intro,30,2026-09-15T15:30:00-05:00,2026-09-15T16:00:00-05:00,America/Chicago,1,https://calendly.com/demo-host/team-intro/2026-09-15T20:30:00Z
Deep Dive,deep-dive,60,2026-09-15T15:30:00-05:00,2026-09-15T16:30:00-05:00,America/Chicago,1,https://calendly.com/demo-host/deep-dive/2026-09-15T20:30:00Z
Team Intro,team-intro,30,2026-09-15T15:45:00-05:00,2026-09-15T16:15:00-05:00,America/Chicago,1,https://calendly.com/demo-host/team-intro/2026-09-15T20:45:00Z
Deep Dive,deep-dive,60,2026-09-15T15:45:00-05:00,2026-09-15T16:45:00-05:00,America/Chicago,1,https://calendly.com/demo-host/deep-dive/2026-09-15T20:45:00Z
Team Intro,team-intro,30,2026-09-15T16:00:00-05:00,2026-09-15T16:30:00-05:00,America/Chicago,1,https://calendly.com/demo-host/team-intro/2026-09-15T21:00:00Z
Deep Dive,deep-dive,60,2026-09-15T16:00:00-05:00,2026-09-15T17:00:00-05:00,America/Chicago,1,https://calendly.com/demo-host/deep-dive/2026-09-15T21:00:00Z
Team Intro,team-intro,30,2026-09-15T16:15:00-05:00,2026-09-15T16:45:00-05:00,America/Chicago,1,https://calendly.com/demo-host/team-intro/2026-09-15T21:15:00Z
Team Intro,team-intro,30,2026-09-15T16:30:00-05:00,2026-09-15T17:00:00-05:00,America/Chicago,1,https://calendly.com/demo-host/team-intro/2026-09-15T21:30:00Z
Quick Chat,quick-chat,15,2026-09-16T09:00:00-05:00,2026-09-16T09:15:00-05:00,America/Chicago,1,https://calendly.com/demo-host/quick-chat/2026-09-16T14:00:00Z
Working Session,working-session,45,2026-09-16T09:00:00-05:00,2026-09-16T09:45:00-05:00,America/Chicago,1,https://calendly.com/demo-host/working-session/2026-09-16T14:00:00Z
Quick Chat,quick-chat,15,2026-09-16T09:15:00-05:00,2026-09-16T09:30:00-05:00,America/Chicago,1,https://calendly.com/demo-host/quick-chat/2026-09-16T14:15:00Z
Working Session,working-session,45,2026-09-16T09:15:00-05:00,2026-09-16T10:00:00-05:00,America/Chicago,1,https://calendly.com/demo-host/working-session/2026-09-16T14:15:00Z
Quick Chat,quick-chat,15,2026-09-16T09:30:00-05:00,2026-09-16T09:45:00-05:00,America/Chicago,1,https://calendly.com/demo-host/quick-chat/2026-09-16T14:30:00Z
Working Session,working-session,45,2026-09-16T09:30:00-05:00,2026-09-16T10:15:00-05:00,America/Chicago,1,https://calendly.com/demo-host/working-session/2026-09-16T14:30:00Z
Quick Chat,quick-chat,15,2026-09-16T09:45:00-05:00,2026-09-16T10:00:00-05:00,America/Chicago,1,https://calendly.com/demo-host/quick-chat/2026-09-16T14:45:00Z
Working Session,working-session,45,2026-09-16T09:45:00-05:00,2026-09-16T10:30:00-05:00,America/Chicago,1,https://calendly.com/demo-host/working-session/2026-09-16T14:45:00Z
Quick Chat,quick-chat,15,2026-09-16T10:00:00-05:00,2026-09-16T10:15:00-05:00,America/Chicago,1,https://calendly.com/demo-host/quick-chat/2026-09-16T15:00:00Z
Working Session,working-session,45,2026-09-16T10:00:00-05:00,2026-09-16T10:45:00-05:00,America/Chicago,1,https://calendly.com/demo-host/working-session/2026-09-16T15:00:00Z
Quick Chat,quick-chat,15,2026-09-16T10:15:00-05:00,2026-09-16T10:30:00-05:00,America/Chicago,1,https://calendly.com/demo-host/quick-chat/2026-09-16T15:15:00Z
Working Session,working-session,45,2026-09-16T10:15:00-05:00,2026-09-16T11:00:00-05:00,America/Chicago,1,https://calendly.com/demo-host/working-session/2026-09-16T15:15:00Z
Quick Chat,quick-chat,15,2026-09-16T10:30:00-05:00,2026-09-16T10:45:00-05:00,America/Chicago,1,https://calendly.com/demo-host/quick-chat/2026-09-16T15:30:00Z
Working Session,working-session,45,2026-09-16T10:30:00-05:00,2026-09-16T11:15:00-05:00,America/Chicago,1,https://calendly.com/demo-host/working-session/2026-09-16T15:30:00Z
Quick Chat,quick-chat,15,2026-09-16T10:45:00-05:00,2026-09-16T11:00:00-05:00,America/Chicago,1,https://calendly.com/demo-host/quick-chat/2026-09-16T15:45:00Z
Working Session,working-session,45,2026-09-16T10:45:00-05:00,2026-09-16T11:30:00-05:00,America/Chicago,1,https://calendly.com/demo-host/working-session/2026-09-16T15:45:00Z
Quick Chat,quick-chat,15,2026-09-16T11:00:00-05:00,2026-09-16T11:15:00-05:00,America/Chicago,1,https://calendly.com/demo-host/quick-chat/2026-09-16T16:00:00Z
Working Session,working-session,45,2026-09-16T11:00:00-05:00,2026-09-16T11:45:00-05:00,America/Chicago,1,https://calendly.com/demo-host/working-session/2026-09-16T16:00:00Z
Quick Chat,quick-chat,15,2026-09-16T11:15:00-05:00,2026-09-16T11:30:00-05:00,America/Chicago,1,https://calendly.com/demo-host/quick-chat/2026-09-16T16:15:00Z
Working Session,working-session,45,2026-09-16T11:15:00-05:00,2026-09-16T12:00:00-05:00,America/Chicago,1,https://calendly.com/demo-host/working-session/2026-09-16T16:15:00Z
Quick Chat,quick-chat,15,2026-09-16T11:30:00-05:00,2026-09-16T11:45:00-05:00,America/Chicago,1,https://calendly.com/demo-host/quick-chat/2026-09-16T16:30:00Z
Working Session,working-session,45,2026-09-16T11:30:00-05:00,2026-09-16T12:15:00-05:00,America/Chicago,1,https://calendly.com/demo-host/working-session/2026-09-16T16:30:00Z
Quick Chat,quick-chat,15,2026-09-16T11:45:00-05:00,2026-09-16T12:00:00-05:00,America/Chicago,1,https://calendly.com/demo-host/quick-chat/2026-09-16T16:45:00Z
Working Session,working-session,45,2026-09-16T11:45:00-05:00,2026-09-16T12:30:00-05:00,America/Chicago,1,https://calendly.com/demo-host/working-session/2026-09-16T16:45:00Z
Quick Chat,quick-chat,15,2026-09-16T12:00:00-05:00,2026-09-16T12:15:00-05:00,America/Chicago,1,https://calendly.com/demo-host/quick-chat/2026-09-16T17:00:00Z
Quick Chat,quick-chat,15,2026-09-16T12:15:00-05:00,2026-09-16T12:30:00-05:00,America/Chicago,1,https://calendly.com/demo-host/quick-chat/2026-09-16T17:15:00Z
Team Intro,team-intro,30,2026-09-16T14:00:00-05:00,2026-09-16T14:30:00-05:00,America/Chicago,1,https://calendly.com/demo-host/team-intro/2026-09-16T19:00:00Z
Partner Session,partner-session,50,2026-09-16T14:00:00-05:00,2026-09-16T14:50:00-05:00,America/Chicago,1,https://calendly.com/demo-host/partner-session/2026-09-16T19:00:00Z
Deep Dive,deep-dive,60,2026-09-16T14:00:00-05:00,2026-09-16T15:00:00-05:00,America/Chicago,1,https://calendly.com/demo-host/deep-dive/2026-09-16T19:00:00Z
Team Intro,team-intro,30,2026-09-16T14:15:00-05:00,2026-09-16T14:45:00-05:00,America/Chicago,1,https://calendly.com/demo-host/team-intro/2026-09-16T19:15:00Z
Partner Session,partner-session,50,2026-09-16T14:15:00-05:00,2026-09-16T15:05:00-05:00,America/Chicago,1,https://calendly.com/demo-host/partner-session/2026-09-16T19:15:00Z
Deep Dive,deep-dive,60,2026-09-16T14:15:00-05:00,2026-09-16T15:15:00-05:00,America/Chicago,1,https://calendly.com/demo-host/deep-dive/2026-09-16T19:15:00Z
Team Intro,team-intro,30,2026-09-16T14:30:00-05:00,2026-09-16T15:00:00-05:00,America/Chicago,1,https://calendly.com/demo-host/team-intro/2026-09-16T19:30:00Z
Partner Session,partner-session,50,2026-09-16T14:30:00-05:00,2026-09-16T15:20:00-05:00,America/Chicago,1,https://calendly.com/demo-host/partner-session/2026-09-16T19:30:00Z
Deep Dive,deep-dive,60,2026-09-16T14:30:00-05:00,2026-09-16T15:30:00-05:00,America/Chicago,1,https://calendly.com/demo-host/deep-dive/2026-09-16T19:30:00Z
Team Intro,team-intro,30,2026-09-16T14:45:00-05:00,2026-09-16T15:15:00-05:00,America/Chicago,1,https://calendly.com/demo-host/team-intro/2026-09-16T19:45:00Z
Partner Session,partner-session,50,2026-09-16T14:45:00-05:00,2026-09-16T15:35:00-05:00,America/Chicago,1,https://calendly.com/demo-host/partner-session/2026-09-16T19:45:00Z
Deep Dive,deep-dive,60,2026-09-16T14:45:00-05:00,2026-09-16T15:45:00-05:00,America/Chicago,1,https://calendly.com/demo-host/deep-dive/2026-09-16T19:45:00Z
Team Intro,team-intro,30,2026-09-16T15:00:00-05:00,2026-09-16T15:30:00-05:00,America/Chicago,1,https://calendly.com/demo-host/team-intro/2026-09-16T20:00:00Z
Partner Session,partner-session,50,2026-09-16T15:00:00-05:00,2026-09-16T15:50:00-05:00,America/Chicago,1,https://calendly.com/demo-host/partner-session/2026-09-16T20:00:00Z
Deep Dive,deep-dive,60,2026-09-16T15:00:00-05:00,2026-09-16T16:00:00-05:00,America/Chicago,1,https://calendly.com/demo-host/deep-dive/2026-09-16T20:00:00Z
Team Intro,team-intro,30,2026-09-16T15:15:00-05:00,2026-09-16T15:45:00-05:00,America/Chicago,1,https://calendly.com/demo-host/team-intro/2026-09-16T20:15:00Z
Partner Session,partner-session,50,2026-09-16T15:15:00-05:00,2026-09-16T16:05:00-05:00,America/Chicago,1,https://calendly.com/demo-host/partner-session/2026-09-16T20:15:00Z
Deep Dive,deep-dive,60,2026-09-16T15:15:00-05:00,2026-09-16T16:15:00-05:00,America/Chicago,1,https://calendly.com/demo-host/deep-dive/2026-09-16T20:15:00Z
Team Intro,team-intro,30,2026-09-16T15:30:00-05:00,2026-09-16T16:00:00-05:00,America/Chicago,1,https://calendly.com/demo-host/team-intro/2026-09-16T20:30:00Z
Partner Session,partner-session,50,2026-09-16T15:30:00-05:00,2026-09-16T16:20:00-05:00,America/Chicago,1,https://calendly.com/demo-host/partner-session/2026-09-16T20:30:00Z
Deep Dive,deep-dive,60,2026-09-16T15:30:00-05:00,2026-09-16T16:30:00-05:00,America/Chicago,1,https://calendly.com/demo-host/deep-dive/2026-09-16T20:30:00Z
Team Intro,team-intro,30,2026-09-16T15:45:00-05:00,2026-09-16T16:15:00-05:00,America/Chicago,1,https://calendly.com/demo-host/team-intro/2026-09-16T20:45:00Z
Partner Session,partner-session,50,2026-09-16T15:45:00-05:00,2026-09-16T16:35:00-05:00,America/Chicago,1,https://calendly.com/demo-host/partner-session/2026-09-16T20:45:00Z
Deep Dive,deep-dive,60,2026-09-16T15:45:00-05:00,2026-09-16T16:45:00-05:00,America/Chicago,1,https://calendly.com/demo-host/deep-dive/2026-09-16T20:45:00Z
Team Intro,team-intro,30,2026-09-16T16:00:00-05:00,2026-09-16T16:30:00-05:00,America/Chicago,1,https://calendly.com/demo-host/team-intro/2026-09-16T21:00:00Z
Partner Session,partner-session,50,2026-09-16T16:00:00-05:00,2026-09-16T16:50:00-05:00,America/Chicago,1,https://calendly.com/demo-host/partner-session/2026-09-16T21:00:00Z
Deep Dive,deep-dive,60,2026-09-16T16:00:00-05:00,2026-09-16T17:00:00-05:00,America/Chicago,1,https://calendly.com/demo-host/deep-dive/2026-09-16T21:00:00Z
Team Intro,team-intro,30,2026-09-16T16:15:00-05:00,2026-09-16T16:45:00-05:00,America/Chicago,1,https://calendly.com/demo-host/team-intro/2026-09-16T21:15:00Z
Team Intro,team-intro,30,2026-09-16T16:30:00-05:00,2026-09-16T17:00:00-05:00,America/Chicago,1,https://calendly.com/demo-host/team-intro/2026-09-16T21:30:00Z
Quick Chat,quick-chat,15,2026-09-17T08:00:00-05:00,2026-09-17T08:15:00-05:00,America/Chicago,1,https://calendly.com/demo-host/quick-chat/2026-09-17T13:00:00Z
Coffee Chat,coffee-chat,20,2026-09-17T08:00:00-05:00,2026-09-17T08:20:00-05:00,America/Chicago,1,https://calendly.com/demo-host/coffee-chat/2026-09-17T13:00:00Z
Advisor Call,advisor-call,25,2026-09-17T08:00:00-05:00,2026-09-17T08:25:00-05:00,America/Chicago,1,https://calendly.com/demo-host/advisor-call/2026-09-17T13:00:00Z
Team Intro,team-intro,30,2026-09-17T08:00:00-05:00,2026-09-17T08:30:00-05:00,America/Chicago,1,https://calendly.com/demo-host/team-intro/2026-09-17T13:00:00Z
Working Session,working-session,45,2026-09-17T08:00:00-05:00,2026-09-17T08:45:00-05:00,America/Chicago,1,https://calendly.com/demo-host/working-session/2026-09-17T13:00:00Z
Partner Session,partner-session,50,2026-09-17T08:00:00-05:00,2026-09-17T08:50:00-05:00,America/Chicago,1,https://calendly.com/demo-host/partner-session/2026-09-17T13:00:00Z
Deep Dive,deep-dive,60,2026-09-17T08:00:00-05:00,2026-09-17T09:00:00-05:00,America/Chicago,1,https://calendly.com/demo-host/deep-dive/2026-09-17T13:00:00Z
Workshop,workshop,90,2026-09-17T08:00:00-05:00,2026-09-17T09:30:00-05:00,America/Chicago,1,https://calendly.com/demo-host/workshop/2026-09-17T13:00:00Z
Quick Chat,quick-chat,15,2026-09-17T08:15:00-05:00,2026-09-17T08:30:00-05:00,America/Chicago,1,https://calendly.com/demo-host/quick-chat/2026-09-17T13:15:00Z
Coffee Chat,coffee-chat,20,2026-09-17T08:15:00-05:00,2026-09-17T08:35:00-05:00,America/Chicago,1,https://calendly.com/demo-host/coffee-chat/2026-09-17T13:15:00Z
Advisor Call,advisor-call,25,2026-09-17T08:15:00-05:00,2026-09-17T08:40:00-05:00,America/Chicago,1,https://calendly.com/demo-host/advisor-call/2026-09-17T13:15:00Z
Team Intro,team-intro,30,2026-09-17T08:15:00-05:00,2026-09-17T08:45:00-05:00,America/Chicago,1,https://calendly.com/demo-host/team-intro/2026-09-17T13:15:00Z
Working Session,working-session,45,2026-09-17T08:15:00-05:00,2026-09-17T09:00:00-05:00,America/Chicago,1,https://calendly.com/demo-host/working-session/2026-09-17T13:15:00Z
Partner Session,partner-session,50,2026-09-17T08:15:00-05:00,2026-09-17T09:05:00-05:00,America/Chicago,1,https://calendly.com/demo-host/partner-session/2026-09-17T13:15:00Z
Deep Dive,deep-dive,60,2026-09-17T08:15:00-05:00,2026-09-17T09:15:00-05:00,America/Chicago,1,https://calendly.com/demo-host/deep-dive/2026-09-17T13:15:00Z
Workshop,workshop,90,2026-09-17T08:15:00-05:00,2026-09-17T09:45:00-05:00,America/Chicago,1,https://calendly.com/demo-host/workshop/2026-09-17T13:15:00Z
Quick Chat,quick-chat,15,2026-09-17T08:30:00-05:00,2026-09-17T08:45:00-05:00,America/Chicago,1,https://calendly.com/demo-host/quick-chat/2026-09-17T13:30:00Z
Coffee Chat,coffee-chat,20,2026-09-17T08:30:00-05:00,2026-09-17T08:50:00-05:00,America/Chicago,1,https://calendly.com/demo-host/coffee-chat/2026-09-17T13:30:00Z
Advisor Call,advisor-call,25,2026-09-17T08:30:00-05:00,2026-09-17T08:55:00-05:00,America/Chicago,1,https://calendly.com/demo-host/advisor-call/2026-09-17T13:30:00Z
Team Intro,team-intro,30,2026-09-17T08:30:00-05:00,2026-09-17T09:00:00-05:00,America/Chicago,1,https://calendly.com/demo-host/team-intro/2026-09-17T13:30:00Z
Working Session,working-session,45,2026-09-17T08:30:00-05:00,2026-09-17T09:15:00-05:00,America/Chicago,1,https://calendly.com/demo-host/working-session/2026-09-17T13:30:00Z
Partner Session,partner-session,50,2026-09-17T08:30:00-05:00,2026-09-17T09:20:00-05:00,America/Chicago,1,https://calendly.com/demo-host/partner-session/2026-09-17T13:30:00Z
Deep Dive,deep-dive,60,2026-09-17T08:30:00-05:00,2026-09-17T09:30:00-05:00,America/Chicago,1,https://calendly.com/demo-host/deep-dive/2026-09-17T13:30:00Z
Workshop,workshop,90,2026-09-17T08:30:00-05:00,2026-09-17T10:00:00-05:00,America/Chicago,1,https://calendly.com/demo-host/workshop/2026-09-17T13:30:00Z
Quick Chat,quick-chat,15,2026-09-17T08:45:00-05:00,2026-09-17T09:00:00-05:00,America/Chicago,1,https://calendly.com/demo-host/quick-chat/2026-09-17T13:45:00Z
Coffee Chat,coffee-chat,20,2026-09-17T08:45:00-05:00,2026-09-17T09:05:00-05:00,America/Chicago,1,https://calendly.com/demo-host/coffee-chat/2026-09-17T13:45:00Z
Advisor Call,advisor-call,25,2026-09-17T08:45:00-05:00,2026-09-17T09:10:00-05:00,America/Chicago,1,https://calendly.com/demo-host/advisor-call/2026-09-17T13:45:00Z
Team Intro,team-intro,30,2026-09-17T08:45:00-05:00,2026-09-17T09:15:00-05:00,America/Chicago,1,https://calendly.com/demo-host/team-intro/2026-09-17T13:45:00Z
Working Session,working-session,45,2026-09-17T08:45:00-05:00,2026-09-17T09:30:00-05:00,America/Chicago,1,https://calendly.com/demo-host/working-session/2026-09-17T13:45:00Z
Partner Session,partner-session,50,2026-09-17T08:45:00-05:00,2026-09-17T09:35:00-05:00,America/Chicago,1,https://calendly.com/demo-host/partner-session/2026-09-17T13:45:00Z
Deep Dive,deep-dive,60,2026-09-17T08:45:00-05:00,2026-09-17T09:45:00-05:00,America/Chicago,1,https://calendly.com/demo-host/deep-dive/2026-09-17T13:45:00Z
Workshop,workshop,90,2026-09-17T08:45:00-05:00,2026-09-17T10:15:00-05:00,America/Chicago,1,https://calendly.com/demo-host/workshop/2026-09-17T13:45:00Z
Quick Chat,quick-chat,15,2026-09-17T09:00:00-05:00,2026-09-17T09:15:00-05:00,America/Chicago,1,https://calendly.com/demo-host/quick-chat/2026-09-17T14:00:00Z
Coffee Chat,coffee-chat,20,2026-09-17T09:00:00-05:00,2026-09-17T09:20:00-05:00,America/Chicago,1,https://calendly.com/demo-host/coffee-chat/2026-09-17T14:00:00Z
Advisor Call,advisor-call,25,2026-09-17T09:00:00-05:00,2026-09-17T09:25:00-05:00,America/Chicago,1,https://calendly.com/demo-host/advisor-call/2026-09-17T14:00:00Z
Team Intro,team-intro,30,2026-09-17T09:00:00-05:00,2026-09-17T09:30:00-05:00,America/Chicago,1,https://calendly.com/demo-host/team-intro/2026-09-17T14:00:00Z
Working Session,working-session,45,2026-09-17T09:00:00-05:00,2026-09-17T09:45:00-05:00,America/Chicago,1,https://calendly.com/demo-host/working-session/2026-09-17T14:00:00Z
Partner Session,partner-session,50,2026-09-17T09:00:00-05:00,2026-09-17T09:50:00-05:00,America/Chicago,1,https://calendly.com/demo-host/partner-session/2026-09-17T14:00:00Z
Deep Dive,deep-dive,60,2026-09-17T09:00:00-05:00,2026-09-17T10:00:00-05:00,America/Chicago,1,https://calendly.com/demo-host/deep-dive/2026-09-17T14:00:00Z
Workshop,workshop,90,2026-09-17T09:00:00-05:00,2026-09-17T10:30:00-05:00,America/Chicago,1,https://calendly.com/demo-host/workshop/2026-09-17T14:00:00Z
Quick Chat,quick-chat,15,2026-09-17T09:15:00-05:00,2026-09-17T09:30:00-05:00,America/Chicago,1,https://calendly.com/demo-host/quick-chat/2026-09-17T14:15:00Z
Coffee Chat,coffee-chat,20,2026-09-17T09:15:00-05:00,2026-09-17T09:35:00-05:00,America/Chicago,1,https://calendly.com/demo-host/coffee-chat/2026-09-17T14:15:00Z
Advisor Call,advisor-call,25,2026-09-17T09:15:00-05:00,2026-09-17T09:40:00-05:00,America/Chicago,1,https://calendly.com/demo-host/advisor-call/2026-09-17T14:15:00Z
Team Intro,team-intro,30,2026-09-17T09:15:00-05:00,2026-09-17T09:45:00-05:00,America/Chicago,1,https://calendly.com/demo-host/team-intro/2026-09-17T14:15:00Z
Working Session,working-session,45,2026-09-17T09:15:00-05:00,2026-09-17T10:00:00-05:00,America/Chicago,1,https://calendly.com/demo-host/working-session/2026-09-17T14:15:00Z
Partner Session,partner-session,50,2026-09-17T09:15:00-05:00,2026-09-17T10:05:00-05:00,America/Chicago,1,https://calendly.com/demo-host/partner-session/2026-09-17T14:15:00Z
Deep Dive,deep-dive,60,2026-09-17T09:15:00-05:00,2026-09-17T10:15:00-05:00,America/Chicago,1,https://calendly.com/demo-host/deep-dive/2026-09-17T14:15:00Z
Workshop,workshop,90,2026-09-17T09:15:00-05:00,2026-09-17T10:45:00-05:00,America/Chicago,1,https://calendly.com/demo-host/workshop/2026-09-17T14:15:00Z
Quick Chat,quick-chat,15,2026-09-17T09:30:00-05:00,2026-09-17T09:45:00-05:00,America/Chicago,1,https://calendly.com/demo-host/quick-chat/2026-09-17T14:30:00Z
Coffee Chat,coffee-chat,20,2026-09-17T09:30:00-05:00,2026-09-17T09:50:00-05:00,America/Chicago,1,https://calendly.com/demo-host/coffee-chat/2026-09-17T14:30:00Z
Advisor Call,advisor-call,25,2026-09-17T09:30:00-05:00,2026-09-17T09:55:00-05:00,America/Chicago,1,https://calendly.com/demo-host/advisor-call/2026-09-17T14:30:00Z
Team Intro,team-intro,30,2026-09-17T09:30:00-05:00,2026-09-17T10:00:00-05:00,America/Chicago,1,https://calendly.com/demo-host/team-intro/2026-09-17T14:30:00Z
Working Session,working-session,45,2026-09-17T09:30:00-05:00,2026-09-17T10:15:00-05:00,America/Chicago,1,https://calendly.com/demo-host/working-session/2026-09-17T14:30:00Z
Partner Session,partner-session,50,2026-09-17T09:30:00-05:00,2026-09-17T10:20:00-05:00,America/Chicago,1,https://calendly.com/demo-host/partner-session/2026-09-17T14:30:00Z
Deep Dive,deep-dive,60,2026-09-17T09:30:00-05:00,2026-09-17T10:30:00-05:00,America/Chicago,1,https://calendly.com/demo-host/deep-dive/2026-09-17T14:30:00Z
Workshop,workshop,90,2026-09-17T09:30:00-05:00,2026-09-17T11:00:00-05:00,America/Chicago,1,https://calendly.com/demo-host/workshop/2026-09-17T14:30:00Z
Quick Chat,quick-chat,15,2026-09-17T09:45:00-05:00,2026-09-17T10:00:00-05:00,America/Chicago,1,https://calendly.com/demo-host/quick-chat/2026-09-17T14:45:00Z
Coffee Chat,coffee-chat,20,2026-09-17T09:45:00-05:00,2026-09-17T10:05:00-05:00,America/Chicago,1,https://calendly.com/demo-host/coffee-chat/2026-09-17T14:45:00Z
Advisor Call,advisor-call,25,2026-09-17T09:45:00-05:00,2026-09-17T10:10:00-05:00,America/Chicago,1,https://calendly.com/demo-host/advisor-call/2026-09-17T14:45:00Z
Team Intro,team-intro,30,2026-09-17T09:45:00-05:00,2026-09-17T10:15:00-05:00,America/Chicago,1,https://calendly.com/demo-host/team-intro/2026-09-17T14:45:00Z
Working Session,working-session,45,2026-09-17T09:45:00-05:00,2026-09-17T10:30:00-05:00,America/Chicago,1,https://calendly.com/demo-host/working-session/2026-09-17T14:45:00Z
Partner Session,partner-session,50,2026-09-17T09:45:00-05:00,2026-09-17T10:35:00-05:00,America/Chicago,1,https://calendly.com/demo-host/partner-session/2026-09-17T14:45:00Z
Deep Dive,deep-dive,60,2026-09-17T09:45:00-05:00,2026-09-17T10:45:00-05:00,America/Chicago,1,https://calendly.com/demo-host/deep-dive/2026-09-17T14:45:00Z
Workshop,workshop,90,2026-09-17T09:45:00-05:00,2026-09-17T11:15:00-05:00,America/Chicago,1,https://calendly.com/demo-host/workshop/2026-09-17T14:45:00Z
Quick Chat,quick-chat,15,2026-09-17T10:00:00-05:00,2026-09-17T10:15:00-05:00,America/Chicago,1,https://calendly.com/demo-host/quick-chat/2026-09-17T15:00:00Z
Coffee Chat,coffee-chat,20,2026-09-17T10:00:00-05:00,2026-09-17T10:20:00-05:00,America/Chicago,1,https://calendly.com/demo-host/coffee-chat/2026-09-17T15:00:00Z
Advisor Call,advisor-call,25,2026-09-17T10:00:00-05:00,2026-09-17T10:25:00-05:00,America/Chicago,1,https://calendly.com/demo-host/advisor-call/2026-09-17T15:00:00Z
Team Intro,team-intro,30,2026-09-17T10:00:00-05:00,2026-09-17T10:30:00-05:00,America/Chicago,1,https://calendly.com/demo-host/team-intro/2026-09-17T15:00:00Z
Working Session,working-session,45,2026-09-17T10:00:00-05:00,2026-09-17T10:45:00-05:00,America/Chicago,1,https://calendly.com/demo-host/working-session/2026-09-17T15:00:00Z
Partner Session,partner-session,50,2026-09-17T10:00:00-05:00,2026-09-17T10:50:00-05:00,America/Chicago,1,https://calendly.com/demo-host/partner-session/2026-09-17T15:00:00Z
Deep Dive,deep-dive,60,2026-09-17T10:00:00-05:00,2026-09-17T11:00:00-05:00,America/Chicago,1,https://calendly.com/demo-host/deep-dive/2026-09-17T15:00:00Z
Workshop,workshop,90,2026-09-17T10:00:00-05:00,2026-09-17T11:30:00-05:00,America/Chicago,1,https://calendly.com/demo-host/workshop/2026-09-17T15:00:00Z
Quick Chat,quick-chat,15,2026-09-17T10:15:00-05:00,2026-09-17T10:30:00-05:00,America/Chicago,1,https://calendly.com/demo-host/quick-chat/2026-09-17T15:15:00Z
Coffee Chat,coffee-chat,20,2026-09-17T10:15:00-05:00,2026-09-17T10:35:00-05:00,America/Chicago,1,https://calendly.com/demo-host/coffee-chat/2026-09-17T15:15:00Z
Advisor Call,advisor-call,25,2026-09-17T10:15:00-05:00,2026-09-17T10:40:00-05:00,America/Chicago,1,https://calendly.com/demo-host/advisor-call/2026-09-17T15:15:00Z
Team Intro,team-intro,30,2026-09-17T10:15:00-05:00,2026-09-17T10:45:00-05:00,America/Chicago,1,https://calendly.com/demo-host/team-intro/2026-09-17T15:15:00Z
Working Session,working-session,45,2026-09-17T10:15:00-05:00,2026-09-17T11:00:00-05:00,America/Chicago,1,https://calendly.com/demo-host/working-session/2026-09-17T15:15:00Z
Partner Session,partner-session,50,2026-09-17T10:15:00-05:00,2026-09-17T11:05:00-05:00,America/Chicago,1,https://calendly.com/demo-host/partner-session/2026-09-17T15:15:00Z
Deep Dive,deep-dive,60,2026-09-17T10:15:00-05:00,2026-09-17T11:15:00-05:00,America/Chicago,1,https://calendly.com/demo-host/deep-dive/2026-09-17T15:15:00Z
Workshop,workshop,90,2026-09-17T10:15:00-05:00,2026-09-17T11:45:00-05:00,America/Chicago,1,https://calendly.com/demo-host/workshop/2026-09-17T15:15:00Z
Quick Chat,quick-chat,15,2026-09-17T10:30:00-05:00,2026-09-17T10:45:00-05:00,America/Chicago,1,https://calendly.com/demo-host/quick-chat/2026-09-17T15:30:00Z
Coffee Chat,coffee-chat,20,2026-09-17T10:30:00-05:00,2026-09-17T10:50:00-05:00,America/Chicago,1,https://calendly.com/demo-host/coffee-chat/2026-09-17T15:30:00Z
Advisor Call,advisor-call,25,2026-09-17T10:30:00-05:00,2026-09-17T10:55:00-05:00,America/Chicago,1,https://calendly.com/demo-host/advisor-call/2026-09-17T15:30:00Z
Team Intro,team-intro,30,2026-09-17T10:30:00-05:00,2026-09-17T11:00:00-05:00,America/Chicago,1,https://calendly.com/demo-host/team-intro/2026-09-17T15:30:00Z
Working Session,working-session,45,2026-09-17T10:30:00-05:00,2026-09-17T11:15:00-05:00,America/Chicago,1,https://calendly.com/demo-host/working-session/2026-09-17T15:30:00Z
Partner Session,partner-session,50,2026-09-17T10:30:00-05:00,2026-09-17T11:20:00-05:00,America/Chicago,1,https://calendly.com/demo-host/partner-session/2026-09-17T15:30:00Z
Deep Dive,deep-dive,60,2026-09-17T10:30:00-05:00,2026-09-17T11:30:00-05:00,America/Chicago,1,https://calendly.com/demo-host/deep-dive/2026-09-17T15:30:00Z
Workshop,workshop,90,2026-09-17T10:30:00-05:00,2026-09-17T12:00:00-05:00,America/Chicago,1,https://calendly.com/demo-host/workshop/2026-09-17T15:30:00Z
Quick Chat,quick-chat,15,2026-09-17T10:45:00-05:00,2026-09-17T11:00:00-05:00,America/Chicago,1,https://calendly.com/demo-host/quick-chat/2026-09-17T15:45:00Z
Coffee Chat,coffee-chat,20,2026-09-17T10:45:00-05:00,2026-09-17T11:05:00-05:00,America/Chicago,1,https://calendly.com/demo-host/coffee-chat/2026-09-17T15:45:00Z
Advisor Call,advisor-call,25,2026-09-17T10:45:00-05:00,2026-09-17T11:10:00-05:00,America/Chicago,1,https://calendly.com/demo-host/advisor-call/2026-09-17T15:45:00Z
Team Intro,team-intro,30,2026-09-17T10:45:00-05:00,2026-09-17T11:15:00-05:00,America/Chicago,1,https://calendly.com/demo-host/team-intro/2026-09-17T15:45:00Z
Working Session,working-session,45,2026-09-17T10:45:00-05:00,2026-09-17T11:30:00-05:00,America/Chicago,1,https://calendly.com/demo-host/working-session/2026-09-17T15:45:00Z
Partner Session,partner-session,50,2026-09-17T10:45:00-05:00,2026-09-17T11:35:00-05:00,America/Chicago,1,https://calendly.com/demo-host/partner-session/2026-09-17T15:45:00Z
Deep Dive,deep-dive,60,2026-09-17T10:45:00-05:00,2026-09-17T11:45:00-05:00,America/Chicago,1,https://calendly.com/demo-host/deep-dive/2026-09-17T15:45:00Z
Workshop,workshop,90,2026-09-17T10:45:00-05:00,2026-09-17T12:15:00-05:00,America/Chicago,1,https://calendly.com/demo-host/workshop/2026-09-17T15:45:00Z
Quick Chat,quick-chat,15,2026-09-17T11:00:00-05:00,2026-09-17T11:15:00-05:00,America/Chicago,1,https://calendly.com/demo-host/quick-chat/2026-09-17T16:00:00Z
Coffee Chat,coffee-chat,20,2026-09-17T11:00:00-05:00,2026-09-17T11:20:00-05:00,America/Chicago,1,https://calendly.com/demo-host/coffee-chat/2026-09-17T16:00:00Z
Advisor Call,advisor-call,25,2026-09-17T11:00:00-05:00,2026-09-17T11:25:00-05:00,America/Chicago,1,https://calendly.com/demo-host/advisor-call/2026-09-17T16:00:00Z
Team Intro,team-intro,30,2026-09-17T11:00:00-05:00,2026-09-17T11:30:00-05:00,America/Chicago,1,https://calendly.com/demo-host/team-intro/2026-09-17T16:00:00Z
Working Session,working-session,45,2026-09-17T11:00:00-05:00,2026-09-17T11:45:00-05:00,America/Chicago,1,https://calendly.com/demo-host/working-session/2026-09-17T16:00:00Z
Partner Session,partner-session,50,2026-09-17T11:00:00-05:00,2026-09-17T11:50:00-05:00,America/Chicago,1,https://calendly.com/demo-host/partner-session/2026-09-17T16:00:00Z
Deep Dive,deep-dive,60,2026-09-17T11:00:00-05:00,2026-09-17T12:00:00-05:00,America/Chicago,1,https://calendly.com/demo-host/deep-dive/2026-09-17T16:00:00Z
Workshop,workshop,90,2026-09-17T11:00:00-05:00,2026-09-17T12:30:00-05:00,America/Chicago,1,https://calendly.com/demo-host/workshop/2026-09-17T16:00:00Z
Quick Chat,quick-chat,15,2026-09-17T11:15:00-05:00,2026-09-17T11:30:00-05:00,America/Chicago,1,https://calendly.com/demo-host/quick-chat/2026-09-17T16:15:00Z
Coffee Chat,coffee-chat,20,2026-09-17T11:15:00-05:00,2026-09-17T11:35:00-05:00,America/Chicago,1,https://calendly.com/demo-host/coffee-chat/2026-09-17T16:15:00Z
Advisor Call,advisor-call,25,2026-09-17T11:15:00-05:00,2026-09-17T11:40:00-05:00,America/Chicago,1,https://calendly.com/demo-host/advisor-call/2026-09-17T16:15:00Z
Team Intro,team-intro,30,2026-09-17T11:15:00-05:00,2026-09-17T11:45:00-05:00,America/Chicago,1,https://calendly.com/demo-host/team-intro/2026-09-17T16:15:00Z
Working Session,working-session,45,2026-09-17T11:15:00-05:00,2026-09-17T12:00:00-05:00,America/Chicago,1,https://calendly.com/demo-host/working-session/2026-09-17T16:15:00Z
Partner Session,partner-session,50,2026-09-17T11:15:00-05:00,2026-09-17T12:05:00-05:00,America/Chicago,1,https://calendly.com/demo-host/partner-session/2026-09-17T16:15:00Z
Deep Dive,deep-dive,60,2026-09-17T11:15:00-05:00,2026-09-17T12:15:00-05:00,America/Chicago,1,https://calendly.com/demo-host/deep-dive/2026-09-17T16:15:00Z
Workshop,workshop,90,2026-09-17T11:15:00-05:00,2026-09-17T12:45:00-05:00,America/Chicago,1,https://calendly.com/demo-host/workshop/2026-09-17T16:15:00Z
Quick Chat,quick-chat,15,2026-09-17T11:30:00-05:00,2026-09-17T11:45:00-05:00,America/Chicago,1,https://calendly.com/demo-host/quick-chat/2026-09-17T16:30:00Z
Coffee Chat,coffee-chat,20,2026-09-17T11:30:00-05:00,2026-09-17T11:50:00-05:00,America/Chicago,1,https://calendly.com/demo-host/coffee-chat/2026-09-17T16:30:00Z
Advisor Call,advisor-call,25,2026-09-17T11:30:00-05:00,2026-09-17T11:55:00-05:00,America/Chicago,1,https://calendly.com/demo-host/advisor-call/2026-09-17T16:30:00Z
Team Intro,team-intro,30,2026-09-17T11:30:00-05:00,2026-09-17T12:00:00-05:00,America/Chicago,1,https://calendly.com/demo-host/team-intro/2026-09-17T16:30:00Z
Working Session,working-session,45,2026-09-17T11:30:00-05:00,2026-09-17T12:15:00-05:00,America/Chicago,1,https://calendly.com/demo-host/working-session/2026-09-17T16:30:00Z
Partner Session,partner-session,50,2026-09-17T11:30:00-05:00,2026-09-17T12:20:00-05:00,America/Chicago,1,https://calendly.com/demo-host/partner-session/2026-09-17T16:30:00Z
Deep Dive,deep-dive,60,2026-09-17T11:30:00-05:00,2026-09-17T12:30:00-05:00,America/Chicago,1,https://calendly.com/demo-host/deep-dive/2026-09-17T16:30:00Z
Workshop,workshop,90,2026-09-17T11:30:00-05:00,2026-09-17T13:00:00-05:00,America/Chicago,1,https://calendly.com/demo-host/workshop/2026-09-17T16:30:00Z
Quick Chat,quick-chat,15,2026-09-17T11:45:00-05:00,2026-09-17T12:00:00-05:00,America/Chicago,1,https://calendly.com/demo-host/quick-chat/2026-09-17T16:45:00Z
Coffee Chat,coffee-chat,20,2026-09-17T11:45:00-05:00,2026-09-17T12:05:00-05:00,America/Chicago,1,https://calendly.com/demo-host/coffee-chat/2026-09-17T16:45:00Z
Advisor Call,advisor-call,25,2026-09-17T11:45:00-05:00,2026-09-17T12:10:00-05:00,America/Chicago,1,https://calendly.com/demo-host/advisor-call/2026-09-17T16:45:00Z
Team Intro,team-intro,30,2026-09-17T11:45:00-05:00,2026-09-17T12:15:00-05:00,America/Chicago,1,https://calendly.com/demo-host/team-intro/2026-09-17T16:45:00Z
Working Session,working-session,45,2026-09-17T11:45:00-05:00,2026-09-17T12:30:00-05:00,America/Chicago,1,https://calendly.com/demo-host/working-session/2026-09-17T16:45:00Z
Partner Session,partner-session,50,2026-09-17T11:45:00-05:00,2026-09-17T12:35:00-05:00,America/Chicago,1,https://calendly.com/demo-host/partner-session/2026-09-17T16:45:00Z
Deep Dive,deep-dive,60,2026-09-17T11:45:00-05:00,2026-09-17T12:45:00-05:00,America/Chicago,1,https://calendly.com/demo-host/deep-dive/2026-09-17T16:45:00Z
Workshop,workshop,90,2026-09-17T11:45:00-05:00,2026-09-17T13:15:00-05:00,America/Chicago,1,https://calendly.com/demo-host/workshop/2026-09-17T16:45:00Z
Quick Chat,quick-chat,15,2026-09-17T12:00:00-05:00,2026-09-17T12:15:00-05:00,America/Chicago,1,https://calendly.com/demo-host/quick-chat/2026-09-17T17:00:00Z
Coffee Chat,coffee-chat,20,2026-09-17T12:00:00-05:00,2026-09-17T12:20:00-05:00,America/Chicago,1,https://calendly.com/demo-host/coffee-chat/2026-09-17T17:00:00Z
Advisor Call,advisor-call,25,2026-09-17T12:00:00-05:00,2026-09-17T12:25:00-05:00,America/Chicago,1,https://calendly.com/demo-host/advisor-call/2026-09-17T17:00:00Z
Team Intro,team-intro,30,2026-09-17T12:00:00-05:00,2026-09-17T12:30:00-05:00,America/Chicago,1,https://calendly.com/demo-host/team-intro/2026-09-17T17:00:00Z
Working Session,working-session,45,2026-09-17T12:00:00-05:00,2026-09-17T12:45:00-05:00,America/Chicago,1,https://calendly.com/demo-host/working-session/2026-09-17T17:00:00Z
Partner Session,partner-session,50,2026-09-17T12:00:00-05:00,2026-09-17T12:50:00-05:00,America/Chicago,1,https://calendly.com/demo-host/partner-session/2026-09-17T17:00:00Z
Deep Dive,deep-dive,60,2026-09-17T12:00:00-05:00,2026-09-17T13:00:00-05:00,America/Chicago,1,https://calendly.com/demo-host/deep-dive/2026-09-17T17:00:00Z
Workshop,workshop,90,2026-09-17T12:00:00-05:00,2026-09-17T13:30:00-05:00,America/Chicago,1,https://calendly.com/demo-host/workshop/2026-09-17T17:00:00Z
Quick Chat,quick-chat,15,2026-09-17T12:15:00-05:00,2026-09-17T12:30:00-05:00,America/Chicago,1,https://calendly.com/demo-host/quick-chat/2026-09-17T17:15:00Z
Coffee Chat,coffee-chat,20,2026-09-17T12:15:00-05:00,2026-09-17T12:35:00-05:00,America/Chicago,1,https://calendly.com/demo-host/coffee-chat/2026-09-17T17:15:00Z
Advisor Call,advisor-call,25,2026-09-17T12:15:00-05:00,2026-09-17T12:40:00-05:00,America/Chicago,1,https://calendly.com/demo-host/advisor-call/2026-09-17T17:15:00Z
Team Intro,team-intro,30,2026-09-17T12:15:00-05:00,2026-09-17T12:45:00-05:00,America/Chicago,1,https://calendly.com/demo-host/team-intro/2026-09-17T17:15:00Z
Working Session,working-session,45,2026-09-17T12:15:00-05:00,2026-09-17T13:00:00-05:00,America/Chicago,1,https://calendly.com/demo-host/working-session/2026-09-17T17:15:00Z
Partner Session,partner-session,50,2026-09-17T12:15:00-05:00,2026-09-17T13:05:00-05:00,America/Chicago,1,https://calendly.com/demo-host/partner-session/2026-09-17T17:15:00Z
Deep Dive,deep-dive,60,2026-09-17T12:15:00-05:00,2026-09-17T13:15:00-05:00,America/Chicago,1,https://calendly.com/demo-host/deep-dive/2026-09-17T17:15:00Z
Workshop,workshop,90,2026-09-17T12:15:00-05:00,2026-09-17T13:45:00-05:00,America/Chicago,1,https://calendly.com/demo-host/workshop/2026-09-17T17:15:00Z
Quick Chat,quick-chat,15,2026-09-17T12:30:00-05:00,2026-09-17T12:45:00-05:00,America/Chicago,1,https://calendly.com/demo-host/quick-chat/2026-09-17T17:30:00Z
Coffee Chat,coffee-chat,20,2026-09-17T12:30:00-05:00,2026-09-17T12:50:00-05:00,America/Chicago,1,https://calendly.com/demo-host/coffee-chat/2026-09-17T17:30:00Z
Advisor Call,advisor-call,25,2026-09-17T12:30:00-05:00,2026-09-17T12:55:00-05:00,America/Chicago,1,https://calendly.com/demo-host/advisor-call/2026-09-17T17:30:00Z
Team Intro,team-intro,30,2026-09-17T12:30:00-05:00,2026-09-17T13:00:00-05:00,America/Chicago,1,https://calendly.com/demo-host/team-intro/2026-09-17T17:30:00Z
Working Session,working-session,45,2026-09-17T12:30:00-05:00,2026-09-17T13:15:00-05:00,America/Chicago,1,https://calendly.com/demo-host/working-session/2026-09-17T17:30:00Z
Partner Session,partner-session,50,2026-09-17T12:30:00-05:00,2026-09-17T13:20:00-05:00,America/Chicago,1,https://calendly.com/demo-host/partner-session/2026-09-17T17:30:00Z
Deep Dive,deep-dive,60,2026-09-17T12:30:00-05:00,2026-09-17T13:30:00-05:00,America/Chicago,1,https://calendly.com/demo-host/deep-dive/2026-09-17T17:30:00Z
Workshop,workshop,90,2026-09-17T12:30:00-05:00,2026-09-17T14:00:00-05:00,America/Chicago,1,https://calendly.com/demo-host/workshop/2026-09-17T17:30:00Z
Quick Chat,quick-chat,15,2026-09-17T12:45:00-05:00,2026-09-17T13:00:00-05:00,America/Chicago,1,https://calendly.com/demo-host/quick-chat/2026-09-17T17:45:00Z
Coffee Chat,coffee-chat,20,2026-09-17T12:45:00-05:00,2026-09-17T13:05:00-05:00,America/Chicago,1,https://calendly.com/demo-host/coffee-chat/2026-09-17T17:45:00Z
Advisor Call,advisor-call,25,2026-09-17T12:45:00-05:00,2026-09-17T13:10:00-05:00,America/Chicago,1,https://calendly.com/demo-host/advisor-call/2026-09-17T17:45:00Z
Team Intro,team-intro,30,2026-09-17T12:45:00-05:00,2026-09-17T13:15:00-05:00,America/Chicago,1,https://calendly.com/demo-host/team-intro/2026-09-17T17:45:00Z
Working Session,working-session,45,2026-09-17T12:45:00-05:00,2026-09-17T13:30:00-05:00,America/Chicago,1,https://calendly.com/demo-host/working-session/2026-09-17T17:45:00Z
Partner Session,partner-session,50,2026-09-17T12:45:00-05:00,2026-09-17T13:35:00-05:00,America/Chicago,1,https://calendly.com/demo-host/partner-session/2026-09-17T17:45:00Z
Deep Dive,deep-dive,60,2026-09-17T12:45:00-05:00,2026-09-17T13:45:00-05:00,America/Chicago,1,https://calendly.com/demo-host/deep-dive/2026-09-17T17:45:00Z
Workshop,workshop,90,2026-09-17T12:45:00-05:00,2026-09-17T14:15:00-05:00,America/Chicago,1,https://calendly.com/demo-host/workshop/2026-09-17T17:45:00Z
Quick Chat,quick-chat,15,2026-09-17T13:00:00-05:00,2026-09-17T13:15:00-05:00,America/Chicago,1,https://calendly.com/demo-host/quick-chat/2026-09-17T18:00:00Z
Coffee Chat,coffee-chat,20,2026-09-17T13:00:00-05:00,2026-09-17T13:20:00-05:00,America/Chicago,1,https://calendly.com/demo-host/coffee-chat/2026-09-17T18:00:00Z
Advisor Call,advisor-call,25,2026-09-17T13:00:00-05:00,2026-09-17T13:25:00-05:00,America/Chicago,1,https://calendly.com/demo-host/advisor-call/2026-09-17T18:00:00Z
Team Intro,team-intro,30,2026-09-17T13:00:00-05:00,2026-09-17T13:30:00-05:00,America/Chicago,1,https://calendly.com/demo-host/team-intro/2026-09-17T18:00:00Z
Working Session,working-session,45,2026-09-17T13:00:00-05:00,2026-09-17T13:45:00-05:00,America/Chicago,1,https://calendly.com/demo-host/working-session/2026-09-17T18:00:00Z
Partner Session,partner-session,50,2026-09-17T13:00:00-05:00,2026-09-17T13:50:00-05:00,America/Chicago,1,https://calendly.com/demo-host/partner-session/2026-09-17T18:00:00Z
Deep Dive,deep-dive,60,2026-09-17T13:00:00-05:00,2026-09-17T14:00:00-05:00,America/Chicago,1,https://calendly.com/demo-host/deep-dive/2026-09-17T18:00:00Z
Workshop,workshop,90,2026-09-17T13:00:00-05:00,2026-09-17T14:30:00-05:00,America/Chicago,1,https://calendly.com/demo-host/workshop/2026-09-17T18:00:00Z
Quick Chat,quick-chat,15,2026-09-17T13:15:00-05:00,2026-09-17T13:30:00-05:00,America/Chicago,1,https://calendly.com/demo-host/quick-chat/2026-09-17T18:15:00Z
Coffee Chat,coffee-chat,20,2026-09-17T13:15:00-05:00,2026-09-17T13:35:00-05:00,America/Chicago,1,https://calendly.com/demo-host/coffee-chat/2026-09-17T18:15:00Z
Advisor Call,advisor-call,25,2026-09-17T13:15:00-05:00,2026-09-17T13:40:00-05:00,America/Chicago,1,https://calendly.com/demo-host/advisor-call/2026-09-17T18:15:00Z
Team Intro,team-intro,30,2026-09-17T13:15:00-05:00,2026-09-17T13:45:00-05:00,America/Chicago,1,https://calendly.com/demo-host/team-intro/2026-09-17T18:15:00Z
Working Session,working-session,45,2026-09-17T13:15:00-05:00,2026-09-17T14:00:00-05:00,America/Chicago,1,https://calendly.com/demo-host/working-session/2026-09-17T18:15:00Z
Partner Session,partner-session,50,2026-09-17T13:15:00-05:00,2026-09-17T14:05:00-05:00,America/Chicago,1,https://calendly.com/demo-host/partner-session/2026-09-17T18:15:00Z
Deep Dive,deep-dive,60,2026-09-17T13:15:00-05:00,2026-09-17T14:15:00-05:00,America/Chicago,1,https://calendly.com/demo-host/deep-dive/2026-09-17T18:15:00Z
Workshop,workshop,90,2026-09-17T13:15:00-05:00,2026-09-17T14:45:00-05:00,America/Chicago,1,https://calendly.com/demo-host/workshop/2026-09-17T18:15:00Z
Quick Chat,quick-chat,15,2026-09-17T13:30:00-05:00,2026-09-17T13:45:00-05:00,America/Chicago,1,https://calendly.com/demo-host/quick-chat/2026-09-17T18:30:00Z
Coffee Chat,coffee-chat,20,2026-09-17T13:30:00-05:00,2026-09-17T13:50:00-05:00,America/Chicago,1,https://calendly.com/demo-host/coffee-chat/2026-09-17T18:30:00Z
Advisor Call,advisor-call,25,2026-09-17T13:30:00-05:00,2026-09-17T13:55:00-05:00,America/Chicago,1,https://calendly.com/demo-host/advisor-call/2026-09-17T18:30:00Z
Team Intro,team-intro,30,2026-09-17T13:30:00-05:00,2026-09-17T14:00:00-05:00,America/Chicago,1,https://calendly.com/demo-host/team-intro/2026-09-17T18:30:00Z
Working Session,working-session,45,2026-09-17T13:30:00-05:00,2026-09-17T14:15:00-05:00,America/Chicago,1,https://calendly.com/demo-host/working-session/2026-09-17T18:30:00Z
Partner Session,partner-session,50,2026-09-17T13:30:00-05:00,2026-09-17T14:20:00-05:00,America/Chicago,1,https://calendly.com/demo-host/partner-session/2026-09-17T18:30:00Z
Deep Dive,deep-dive,60,2026-09-17T13:30:00-05:00,2026-09-17T14:30:00-05:00,America/Chicago,1,https://calendly.com/demo-host/deep-dive/2026-09-17T18:30:00Z
Workshop,workshop,90,2026-09-17T13:30:00-05:00,2026-09-17T15:00:00-05:00,America/Chicago,1,https://calendly.com/demo-host/workshop/2026-09-17T18:30:00Z
Quick Chat,quick-chat,15,2026-09-17T13:45:00-05:00,2026-09-17T14:00:00-05:00,America/Chicago,1,https://calendly.com/demo-host/quick-chat/2026-09-17T18:45:00Z
Coffee Chat,coffee-chat,20,2026-09-17T13:45:00-05:00,2026-09-17T14:05:00-05:00,America/Chicago,1,https://calendly.com/demo-host/coffee-chat/2026-09-17T18:45:00Z
Advisor Call,advisor-call,25,2026-09-17T13:45:00-05:00,2026-09-17T14:10:00-05:00,America/Chicago,1,https://calendly.com/demo-host/advisor-call/2026-09-17T18:45:00Z
Team Intro,team-intro,30,2026-09-17T13:45:00-05:00,2026-09-17T14:15:00-05:00,America/Chicago,1,https://calendly.com/demo-host/team-intro/2026-09-17T18:45:00Z
Working Session,working-session,45,2026-09-17T13:45:00-05:00,2026-09-17T14:30:00-05:00,America/Chicago,1,https://calendly.com/demo-host/working-session/2026-09-17T18:45:00Z
Partner Session,partner-session,50,2026-09-17T13:45:00-05:00,2026-09-17T14:35:00-05:00,America/Chicago,1,https://calendly.com/demo-host/partner-session/2026-09-17T18:45:00Z
Deep Dive,deep-dive,60,2026-09-17T13:45:00-05:00,2026-09-17T14:45:00-05:00,America/Chicago,1,https://calendly.com/demo-host/deep-dive/2026-09-17T18:45:00Z
Workshop,workshop,90,2026-09-17T13:45:00-05:00,2026-09-17T15:15:00-05:00,America/Chicago,1,https://calendly.com/demo-host/workshop/2026-09-17T18:45:00Z
Quick Chat,quick-chat,15,2026-09-17T14:00:00-05:00,2026-09-17T14:15:00-05:00,America/Chicago,1,https://calendly.com/demo-host/quick-chat/2026-09-17T19:00:00Z
Coffee Chat,coffee-chat,20,2026-09-17T14:00:00-05:00,2026-09-17T14:20:00-05:00,America/Chicago,1,https://calendly.com/demo-host/coffee-chat/2026-09-17T19:00:00Z
Advisor Call,advisor-call,25,2026-09-17T14:00:00-05:00,2026-09-17T14:25:00-05:00,America/Chicago,1,https://calendly.com/demo-host/advisor-call/2026-09-17T19:00:00Z
Team Intro,team-intro,30,2026-09-17T14:00:00-05:00,2026-09-17T14:30:00-05:00,America/Chicago,1,https://calendly.com/demo-host/team-intro/2026-09-17T19:00:00Z
Working Session,working-session,45,2026-09-17T14:00:00-05:00,2026-09-17T14:45:00-05:00,America/Chicago,1,https://calendly.com/demo-host/working-session/2026-09-17T19:00:00Z
Partner Session,partner-session,50,2026-09-17T14:00:00-05:00,2026-09-17T14:50:00-05:00,America/Chicago,1,https://calendly.com/demo-host/partner-session/2026-09-17T19:00:00Z
Deep Dive,deep-dive,60,2026-09-17T14:00:00-05:00,2026-09-17T15:00:00-05:00,America/Chicago,1,https://calendly.com/demo-host/deep-dive/2026-09-17T19:00:00Z
Workshop,workshop,90,2026-09-17T14:00:00-05:00,2026-09-17T15:30:00-05:00,America/Chicago,1,https://calendly.com/demo-host/workshop/2026-09-17T19:00:00Z
Quick Chat,quick-chat,15,2026-09-17T14:15:00-05:00,2026-09-17T14:30:00-05:00,America/Chicago,1,https://calendly.com/demo-host/quick-chat/2026-09-17T19:15:00Z
Coffee Chat,coffee-chat,20,2026-09-17T14:15:00-05:00,2026-09-17T14:35:00-05:00,America/Chicago,1,https://calendly.com/demo-host/coffee-chat/2026-09-17T19:15:00Z
Advisor Call,advisor-call,25,2026-09-17T14:15:00-05:00,2026-09-17T14:40:00-05:00,America/Chicago,1,https://calendly.com/demo-host/advisor-call/2026-09-17T19:15:00Z
Team Intro,team-intro,30,2026-09-17T14:15:00-05:00,2026-09-17T14:45:00-05:00,America/Chicago,1,https://calendly.com/demo-host/team-intro/2026-09-17T19:15:00Z
Working Session,working-session,45,2026-09-17T14:15:00-05:00,2026-09-17T15:00:00-05:00,America/Chicago,1,https://calendly.com/demo-host/working-session/2026-09-17T19:15:00Z
Partner Session,partner-session,50,2026-09-17T14:15:00-05:00,2026-09-17T15:05:00-05:00,America/Chicago,1,https://calendly.com/demo-host/partner-session/2026-09-17T19:15:00Z
Deep Dive,deep-dive,60,2026-09-17T14:15:00-05:00,2026-09-17T15:15:00-05:00,America/Chicago,1,https://calendly.com/demo-host/deep-dive/2026-09-17T19:15:00Z
Workshop,workshop,90,2026-09-17T14:15:00-05:00,2026-09-17T15:45:00-05:00,America/Chicago,1,https://calendly.com/demo-host/workshop/2026-09-17T19:15:00Z
Quick Chat,quick-chat,15,2026-09-17T14:30:00-05:00,2026-09-17T14:45:00-05:00,America/Chicago,1,https://calendly.com/demo-host/quick-chat/2026-09-17T19:30:00Z
Coffee Chat,coffee-chat,20,2026-09-17T14:30:00-05:00,2026-09-17T14:50:00-05:00,America/Chicago,1,https://calendly.com/demo-host/coffee-chat/2026-09-17T19:30:00Z
Advisor Call,advisor-call,25,2026-09-17T14:30:00-05:00,2026-09-17T14:55:00-05:00,America/Chicago,1,https://calendly.com/demo-host/advisor-call/2026-09-17T19:30:00Z
Team Intro,team-intro,30,2026-09-17T14:30:00-05:00,2026-09-17T15:00:00-05:00,America/Chicago,1,https://calendly.com/demo-host/team-intro/2026-09-17T19:30:00Z
Working Session,working-session,45,2026-09-17T14:30:00-05:00,2026-09-17T15:15:00-05:00,America/Chicago,1,https://calendly.com/demo-host/working-session/2026-09-17T19:30:00Z
Partner Session,partner-session,50,2026-09-17T14:30:00-05:00,2026-09-17T15:20:00-05:00,America/Chicago,1,https://calendly.com/demo-host/partner-session/2026-09-17T19:30:00Z
Deep Dive,deep-dive,60,2026-09-17T14:30:00-05:00,2026-09-17T15:30:00-05:00,America/Chicago,1,https://calendly.com/demo-host/deep-dive/2026-09-17T19:30:00Z
Workshop,workshop,90,2026-09-17T14:30:00-05:00,2026-09-17T16:00:00-05:00,America/Chicago,1,https://calendly.com/demo-host/workshop/2026-09-17T19:30:00Z
Quick Chat,quick-chat,15,2026-09-17T14:45:00-05:00,2026-09-17T15:00:00-05:00,America/Chicago,1,https://calendly.com/demo-host/quick-chat/2026-09-17T19:45:00Z
Coffee Chat,coffee-chat,20,2026-09-17T14:45:00-05:00,2026-09-17T15:05:00-05:00,America/Chicago,1,https://calendly.com/demo-host/coffee-chat/2026-09-17T19:45:00Z
Advisor Call,advisor-call,25,2026-09-17T14:45:00-05:00,2026-09-17T15:10:00-05:00,America/Chicago,1,https://calendly.com/demo-host/advisor-call/2026-09-17T19:45:00Z
Team Intro,team-intro,30,2026-09-17T14:45:00-05:00,2026-09-17T15:15:00-05:00,America/Chicago,1,https://calendly.com/demo-host/team-intro/2026-09-17T19:45:00Z
Working Session,working-session,45,2026-09-17T14:45:00-05:00,2026-09-17T15:30:00-05:00,America/Chicago,1,https://calendly.com/demo-host/working-session/2026-09-17T19:45:00Z
Partner Session,partner-session,50,2026-09-17T14:45:00-05:00,2026-09-17T15:35:00-05:00,America/Chicago,1,https://calendly.com/demo-host/partner-session/2026-09-17T19:45:00Z
Deep Dive,deep-dive,60,2026-09-17T14:45:00-05:00,2026-09-17T15:45:00-05:00,America/Chicago,1,https://calendly.com/demo-host/deep-dive/2026-09-17T19:45:00Z
Workshop,workshop,90,2026-09-17T14:45:00-05:00,2026-09-17T16:15:00-05:00,America/Chicago,1,https://calendly.com/demo-host/workshop/2026-09-17T19:45:00Z
Quick Chat,quick-chat,15,2026-09-17T15:00:00-05:00,2026-09-17T15:15:00-05:00,America/Chicago,1,https://calendly.com/demo-host/quick-chat/2026-09-17T20:00:00Z
Coffee Chat,coffee-chat,20,2026-09-17T15:00:00-05:00,2026-09-17T15:20:00-05:00,America/Chicago,1,https://calendly.com/demo-host/coffee-chat/2026-09-17T20:00:00Z
Advisor Call,advisor-call,25,2026-09-17T15:00:00-05:00,2026-09-17T15:25:00-05:00,America/Chicago,1,https://calendly.com/demo-host/advisor-call/2026-09-17T20:00:00Z
Team Intro,team-intro,30,2026-09-17T15:00:00-05:00,2026-09-17T15:30:00-05:00,America/Chicago,1,https://calendly.com/demo-host/team-intro/2026-09-17T20:00:00Z
Working Session,working-session,45,2026-09-17T15:00:00-05:00,2026-09-17T15:45:00-05:00,America/Chicago,1,https://calendly.com/demo-host/working-session/2026-09-17T20:00:00Z
Partner Session,partner-session,50,2026-09-17T15:00:00-05:00,2026-09-17T15:50:00-05:00,America/Chicago,1,https://calendly.com/demo-host/partner-session/2026-09-17T20:00:00Z
Deep Dive,deep-dive,60,2026-09-17T15:00:00-05:00,2026-09-17T16:00:00-05:00,America/Chicago,1,https://calendly.com/demo-host/deep-dive/2026-09-17T20:00:00Z
Workshop,workshop,90,2026-09-17T15:00:00-05:00,2026-09-17T16:30:00-05:00,America/Chicago,1,https://calendly.com/demo-host/workshop/2026-09-17T20:00:00Z
Quick Chat,quick-chat,15,2026-09-17T15:15:00-05:00,2026-09-17T15:30:00-05:00,America/Chicago,1,https://calendly.com/demo-host/quick-chat/2026-09-17T20:15:00Z
Coffee Chat,coffee-chat,20,2026-09-17T15:15:00-05:00,2026-09-17T15:35:00-05:00,America/Chicago,1,https://calendly.com/demo-host/coffee-chat/2026-09-17T20:15:00Z
Advisor Call,advisor-call,25,2026-09-17T15:15:00-05:00,2026-09-17T15:40:00-05:00,America/Chicago,1,https://calendly.com/demo-host/advisor-call/2026-09-17T20:15:00Z
Team Intro,team-intro,30,2026-09-17T15:15:00-05:00,2026-09-17T15:45:00-05:00,America/Chicago,1,https://calendly.com/demo-host/team-intro/2026-09-17T20:15:00Z
Working Session,working-session,45,2026-09-17T15:15:00-05:00,2026-09-17T16:00:00-05:00,America/Chicago,1,https://calendly.com/demo-host/working-session/2026-09-17T20:15:00Z
Partner Session,partner-session,50,2026-09-17T15:15:00-05:00,2026-09-17T16:05:00-05:00,America/Chicago,1,https://calendly.com/demo-host/partner-session/2026-09-17T20:15:00Z
Deep Dive,deep-dive,60,2026-09-17T15:15:00-05:00,2026-09-17T16:15:00-05:00,America/Chicago,1,https://calendly.com/demo-host/deep-dive/2026-09-17T20:15:00Z
Workshop,workshop,90,2026-09-17T15:15:00-05:00,2026-09-17T16:45:00-05:00,America/Chicago,1,https://calendly.com/demo-host/workshop/2026-09-17T20:15:00Z
Quick Chat,quick-chat,15,2026-09-17T15:30:00-05:00,2026-09-17T15:45:00-05:00,America/Chicago,1,https://calendly.com/demo-host/quick-chat/2026-09-17T20:30:00Z
Coffee Chat,coffee-chat,20,2026-09-17T15:30:00-05:00,2026-09-17T15:50:00-05:00,America/Chicago,1,https://calendly.com/demo-host/coffee-chat/2026-09-17T20:30:00Z
Advisor Call,advisor-call,25,2026-09-17T15:30:00-05:00,2026-09-17T15:55:00-05:00,America/Chicago,1,https://calendly.com/demo-host/advisor-call/2026-09-17T20:30:00Z
Team Intro,team-intro,30,2026-09-17T15:30:00-05:00,2026-09-17T16:00:00-05:00,America/Chicago,1,https://calendly.com/demo-host/team-intro/2026-09-17T20:30:00Z
Working Session,working-session,45,2026-09-17T15:30:00-05:00,2026-09-17T16:15:00-05:00,America/Chicago,1,https://calendly.com/demo-host/working-session/2026-09-17T20:30:00Z
Partner Session,partner-session,50,2026-09-17T15:30:00-05:00,2026-09-17T16:20:00-05:00,America/Chicago,1,https://calendly.com/demo-host/partner-session/2026-09-17T20:30:00Z
Deep Dive,deep-dive,60,2026-09-17T15:30:00-05:00,2026-09-17T16:30:00-05:00,America/Chicago,1,https://calendly.com/demo-host/deep-dive/2026-09-17T20:30:00Z
Workshop,workshop,90,2026-09-17T15:30:00-05:00,2026-09-17T17:00:00-05:00,America/Chicago,1,https://calendly.com/demo-host/workshop/2026-09-17T20:30:00Z
Quick Chat,quick-chat,15,2026-09-17T15:45:00-05:00,2026-09-17T16:00:00-05:00,America/Chicago,1,https://calendly.com/demo-host/quick-chat/2026-09-17T20:45:00Z
Coffee Chat,coffee-chat,20,2026-09-17T15:45:00-05:00,2026-09-17T16:05:00-05:00,America/Chicago,1,https://calendly.com/demo-host/coffee-chat/2026-09-17T20:45:00Z
Advisor Call,advisor-call,25,2026-09-17T15:45:00-05:00,2026-09-17T16:10:00-05:00,America/Chicago,1,https://calendly.com/demo-host/advisor-call/2026-09-17T20:45:00Z
Team Intro,team-intro,30,2026-09-17T15:45:00-05:00,2026-09-17T16:15:00-05:00,America/Chicago,1,https://calendly.com/demo-host/team-intro/2026-09-17T20:45:00Z
Working Session,working-session,45,2026-09-17T15:45:00-05:00,2026-09-17T16:30:00-05:00,America/Chicago,1,https://calendly.com/demo-host/working-session/2026-09-17T20:45:00Z
Partner Session,partner-session,50,2026-09-17T15:45:00-05:00,2026-09-17T16:35:00-05:00,America/Chicago,1,https://calendly.com/demo-host/partner-session/2026-09-17T20:45:00Z
Deep Dive,deep-dive,60,2026-09-17T15:45:00-05:00,2026-09-17T16:45:00-05:00,America/Chicago,1,https://calendly.com/demo-host/deep-dive/2026-09-17T20:45:00Z
Quick Chat,quick-chat,15,2026-09-17T16:00:00-05:00,2026-09-17T16:15:00-05:00,America/Chicago,1,https://calendly.com/demo-host/quick-chat/2026-09-17T21:00:00Z
Coffee Chat,coffee-chat,20,2026-09-17T16:00:00-05:00,2026-09-17T16:20:00-05:00,America/Chicago,1,https://calendly.com/demo-host/coffee-chat/2026-09-17T21:00:00Z
Advisor Call,advisor-call,25,2026-09-17T16:00:00-05:00,2026-09-17T16:25:00-05:00,America/Chicago,1,https://calendly.com/demo-host/advisor-call/2026-09-17T21:00:00Z
Team Intro,team-intro,30,2026-09-17T16:00:00-05:00,2026-09-17T16:30:00-05:00,America/Chicago,1,https://calendly.com/demo-host/team-intro/2026-09-17T21:00:00Z
Working Session,working-session,45,2026-09-17T16:00:00-05:00,2026-09-17T16:45:00-05:00,America/Chicago,1,https://calendly.com/demo-host/working-session/2026-09-17T21:00:00Z
Partner Session,partner-session,50,2026-09-17T16:00:00-05:00,2026-09-17T16:50:00-05:00,America/Chicago,1,https://calendly.com/demo-host/partner-session/2026-09-17T21:00:00Z
Deep Dive,deep-dive,60,2026-09-17T16:00:00-05:00,2026-09-17T17:00:00-05:00,America/Chicago,1,https://calendly.com/demo-host/deep-dive/2026-09-17T21:00:00Z
Quick Chat,quick-chat,15,2026-09-17T16:15:00-05:00,2026-09-17T16:30:00-05:00,America/Chicago,1,https://calendly.com/demo-host/quick-chat/2026-09-17T21:15:00Z
Coffee Chat,coffee-chat,20,2026-09-17T16:15:00-05:00,2026-09-17T16:35:00-05:00,America/Chicago,1,https://calendly.com/demo-host/coffee-chat/2026-09-17T21:15:00Z
Advisor Call,advisor-call,25,2026-09-17T16:15:00-05:00,2026-09-17T16:40:00-05:00,America/Chicago,1,https://calendly.com/demo-host/advisor-call/2026-09-17T21:15:00Z
Team Intro,team-intro,30,2026-09-17T16:15:00-05:00,2026-09-17T16:45:00-05:00,America/Chicago,1,https://calendly.com/demo-host/team-intro/2026-09-17T21:15:00Z
Working Session,working-session,45,2026-09-17T16:15:00-05:00,2026-09-17T17:00:00-05:00,America/Chicago,1,https://calendly.com/demo-host/working-session/2026-09-17T21:15:00Z
Quick Chat,quick-chat,15,2026-09-17T16:30:00-05:00,2026-09-17T16:45:00-05:00,America/Chicago,1,https://calendly.com/demo-host/quick-chat/2026-09-17T21:30:00Z
Coffee Chat,coffee-chat,20,2026-09-17T16:30:00-05:00,2026-09-17T16:50:00-05:00,America/Chicago,1,https://calendly.com/demo-host/coffee-chat/2026-09-17T21:30:00Z
Advisor Call,advisor-call,25,2026-09-17T16:30:00-05:00,2026-09-17T16:55:00-05:00,America/Chicago,1,https://calendly.com/demo-host/advisor-call/2026-09-17T21:30:00Z
Team Intro,team-intro,30,2026-09-17T16:30:00-05:00,2026-09-17T17:00:00-05:00,America/Chicago,1,https://calendly.com/demo-host/team-intro/2026-09-17T21:30:00Z
Quick Chat,quick-chat,15,2026-09-17T16:45:00-05:00,2026-09-17T17:00:00-05:00,America/Chicago,1,https://calendly.com/demo-host/quick-chat/2026-09-17T21:45:00Z
Quick Chat,quick-chat,15,2026-09-18T09:00:00-05:00,2026-09-18T09:15:00-05:00,America/Chicago,1,https://calendly.com/demo-host/quick-chat/2026-09-18T14:00:00Z
Team Intro,team-intro,30,2026-09-18T09:00:00-05:00,2026-09-18T09:30:00-05:00,America/Chicago,1,https://calendly.com/demo-host/team-intro/2026-09-18T14:00:00Z
Working Session,working-session,45,2026-09-18T09:00:00-05:00,2026-09-18T09:45:00-05:00,America/Chicago,1,https://calendly.com/demo-host/working-session/2026-09-18T14:00:00Z
Quick Chat,quick-chat,15,2026-09-18T09:15:00-05:00,2026-09-18T09:30:00-05:00,America/Chicago,1,https://calendly.com/demo-host/quick-chat/2026-09-18T14:15:00Z
Team Intro,team-intro,30,2026-09-18T09:15:00-05:00,2026-09-18T09:45:00-05:00,America/Chicago,1,https://calendly.com/demo-host/team-intro/2026-09-18T14:15:00Z
Working Session,working-session,45,2026-09-18T09:15:00-05:00,2026-09-18T10:00:00-05:00,America/Chicago,1,https://calendly.com/demo-host/working-session/2026-09-18T14:15:00Z
Quick Chat,quick-chat,15,2026-09-18T09:30:00-05:00,2026-09-18T09:45:00-05:00,America/Chicago,1,https://calendly.com/demo-host/quick-chat/2026-09-18T14:30:00Z
Team Intro,team-intro,30,2026-09-18T09:30:00-05:00,2026-09-18T10:00:00-05:00,America/Chicago,1,https://calendly.com/demo-host/team-intro/2026-09-18T14:30:00Z
Working Session,working-session,45,2026-09-18T09:30:00-05:00,2026-09-18T10:15:00-05:00,America/Chicago,1,https://calendly.com/demo-host/working-session/2026-09-18T14:30:00Z
Quick Chat,quick-chat,15,2026-09-18T09:45:00-05:00,2026-09-18T10:00:00-05:00,America/Chicago,1,https://calendly.com/demo-host/quick-chat/2026-09-18T14:45:00Z
Team Intro,team-intro,30,2026-09-18T09:45:00-05:00,2026-09-18T10:15:00-05:00,America/Chicago,1,https://calendly.com/demo-host/team-intro/2026-09-18T14:45:00Z
Working Session,working-session,45,2026-09-18T09:45:00-05:00,2026-09-18T10:30:00-05:00,America/Chicago,1,https://calendly.com/demo-host/working-session/2026-09-18T14:45:00Z
Quick Chat,quick-chat,15,2026-09-18T10:00:00-05:00,2026-09-18T10:15:00-05:00,America/Chicago,1,https://calendly.com/demo-host/quick-chat/2026-09-18T15:00:00Z
Team Intro,team-intro,30,2026-09-18T10:00:00-05:00,2026-09-18T10:30:00-05:00,America/Chicago,1,https://calendly.com/demo-host/team-intro/2026-09-18T15:00:00Z
Working Session,working-session,45,2026-09-18T10:00:00-05:00,2026-09-18T10:45:00-05:00,America/Chicago,1,https://calendly.com/demo-host/working-session/2026-09-18T15:00:00Z
Quick Chat,quick-chat,15,2026-09-18T10:15:00-05:00,2026-09-18T10:30:00-05:00,America/Chicago,1,https://calendly.com/demo-host/quick-chat/2026-09-18T15:15:00Z
Team Intro,team-intro,30,2026-09-18T10:15:00-05:00,2026-09-18T10:45:00-05:00,America/Chicago,1,https://calendly.com/demo-host/team-intro/2026-09-18T15:15:00Z
Working Session,working-session,45,2026-09-18T10:15:00-05:00,2026-09-18T11:00:00-05:00,America/Chicago,1,https://calendly.com/demo-host/working-session/2026-09-18T15:15:00Z
Quick Chat,quick-chat,15,2026-09-18T10:30:00-05:00,2026-09-18T10:45:00-05:00,America/Chicago,1,https://calendly.com/demo-host/quick-chat/2026-09-18T15:30:00Z
Team Intro,team-intro,30,2026-09-18T10:30:00-05:00,2026-09-18T11:00:00-05:00,America/Chicago,1,https://calendly.com/demo-host/team-intro/2026-09-18T15:30:00Z
Working Session,working-session,45,2026-09-18T10:30:00-05:00,2026-09-18T11:15:00-05:00,America/Chicago,1,https://calendly.com/demo-host/working-session/2026-09-18T15:30:00Z
Quick Chat,quick-chat,15,2026-09-18T10:45:00-05:00,2026-09-18T11:00:00-05:00,America/Chicago,1,https://calendly.com/demo-host/quick-chat/2026-09-18T15:45:00Z
Team Intro,team-intro,30,2026-09-18T10:45:00-05:00,2026-09-18T11:15:00-05:00,America/Chicago,1,https://calendly.com/demo-host/team-intro/2026-09-18T15:45:00Z
Working Session,working-session,45,2026-09-18T10:45:00-05:00,2026-09-18T11:30:00-05:00,America/Chicago,1,https://calendly.com/demo-host/working-session/2026-09-18T15:45:00Z
Quick Chat,quick-chat,15,2026-09-18T11:00:00-05:00,2026-09-18T11:15:00-05:00,America/Chicago,1,https://calendly.com/demo-host/quick-chat/2026-09-18T16:00:00Z
Team Intro,team-intro,30,2026-09-18T11:00:00-05:00,2026-09-18T11:30:00-05:00,America/Chicago,1,https://calendly.com/demo-host/team-intro/2026-09-18T16:00:00Z
Working Session,working-session,45,2026-09-18T11:00:00-05:00,2026-09-18T11:45:00-05:00,America/Chicago,1,https://calendly.com/demo-host/working-session/2026-09-18T16:00:00Z
Quick Chat,quick-chat,15,2026-09-18T11:15:00-05:00,2026-09-18T11:30:00-05:00,America/Chicago,1,https://calendly.com/demo-host/quick-chat/2026-09-18T16:15:00Z
Team Intro,team-intro,30,2026-09-18T11:15:00-05:00,2026-09-18T11:45:00-05:00,America/Chicago,1,https://calendly.com/demo-host/team-intro/2026-09-18T16:15:00Z
Working Session,working-session,45,2026-09-18T11:15:00-05:00,2026-09-18T12:00:00-05:00,America/Chicago,1,https://calendly.com/demo-host/working-session/2026-09-18T16:15:00Z
Quick Chat,quick-chat,15,2026-09-18T11:30:00-05:00,2026-09-18T11:45:00-05:00,America/Chicago,1,https://calendly.com/demo-host/quick-chat/2026-09-18T16:30:00Z
Team Intro,team-intro,30,2026-09-18T11:30:00-05:00,2026-09-18T12:00:00-05:00,America/Chicago,1,https://calendly.com/demo-host/team-intro/2026-09-18T16:30:00Z
Quick Chat,quick-chat,15,2026-09-18T11:45:00-05:00,2026-09-18T12:00:00-05:00,America/Chicago,1,https://calendly.com/demo-host/quick-chat/2026-09-18T16:45:00Z
Working Session,working-session,45,2026-09-18T13:00:00-05:00,2026-09-18T13:45:00-05:00,America/Chicago,1,https://calendly.com/demo-host/working-session/2026-09-18T18:00:00Z
Deep Dive,deep-dive,60,2026-09-18T13:00:00-05:00,2026-09-18T14:00:00-05:00,America/Chicago,1,https://calendly.com/demo-host/deep-dive/2026-09-18T18:00:00Z
Workshop,workshop,90,2026-09-18T13:00:00-05:00,2026-09-18T14:30:00-05:00,America/Chicago,1,https://calendly.com/demo-host/workshop/2026-09-18T18:00:00Z
Working Session,working-session,45,2026-09-18T13:15:00-05:00,2026-09-18T14:00:00-05:00,America/Chicago,1,https://calendly.com/demo-host/working-session/2026-09-18T18:15:00Z
Deep Dive,deep-dive,60,2026-09-18T13:15:00-05:00,2026-09-18T14:15:00-05:00,America/Chicago,1,https://calendly.com/demo-host/deep-dive/2026-09-18T18:15:00Z
Workshop,workshop,90,2026-09-18T13:15:00-05:00,2026-09-18T14:45:00-05:00,America/Chicago,1,https://calendly.com/demo-host/workshop/2026-09-18T18:15:00Z
Working Session,working-session,45,2026-09-18T13:30:00-05:00,2026-09-18T14:15:00-05:00,America/Chicago,1,https://calendly.com/demo-host/working-session/2026-09-18T18:30:00Z
Deep Dive,deep-dive,60,2026-09-18T13:30:00-05:00,2026-09-18T14:30:00-05:00,America/Chicago,1,https://calendly.com/demo-host/deep-dive/2026-09-18T18:30:00Z
Workshop,workshop,90,2026-09-18T13:30:00-05:00,2026-09-18T15:00:00-05:00,America/Chicago,1,https://calendly.com/demo-host/workshop/2026-09-18T18:30:00Z
Working Session,working-session,45,2026-09-18T13:45:00-05:00,2026-09-18T14:30:00-05:00,America/Chicago,1,https://calendly.com/demo-host/working-session/2026-09-18T18:45:00Z
Deep Dive,deep-dive,60,2026-09-18T13:45:00-05:00,2026-09-18T14:45:00-05:00,America/Chicago,1,https://calendly.com/demo-host/deep-dive/2026-09-18T18:45:00Z
Workshop,workshop,90,2026-09-18T13:45:00-05:00,2026-09-18T15:15:00-05:00,America/Chicago,1,https://calendly.com/demo-host/workshop/2026-09-18T18:45:00Z
Working Session,working-session,45,2026-09-18T14:00:00-05:00,2026-09-18T14:45:00-05:00,America/Chicago,1,https://calendly.com/demo-host/working-session/2026-09-18T19:00:00Z
Deep Dive,deep-dive,60,2026-09-18T14:00:00-05:00,2026-09-18T15:00:00-05:00,America/Chicago,1,https://calendly.com/demo-host/deep-dive/2026-09-18T19:00:00Z
Workshop,workshop,90,2026-09-18T14:00:00-05:00,2026-09-18T15:30:00-05:00,America/Chicago,1,https://calendly.com/demo-host/workshop/2026-09-18T19:00:00Z
Working Session,working-session,45,2026-09-18T14:15:00-05:00,2026-09-18T15:00:00-05:00,America/Chicago,1,https://calendly.com/demo-host/working-session/2026-09-18T19:15:00Z
Deep Dive,deep-dive,60,2026-09-18T14:15:00-05:00,2026-09-18T15:15:00-05:00,America/Chicago,1,https://calendly.com/demo-host/deep-dive/2026-09-18T19:15:00Z
Working Session,working-session,45,2026-09-18T14:30:00-05:00,2026-09-18T15:15:00-05:00,America/Chicago,1,https://calendly.com/demo-host/working-session/2026-09-18T19:30:00Z
Deep Dive,deep-dive,60,2026-09-18T14:30:00-05:00,2026-09-18T15:30:00-05:00,America/Chicago,1,https://calendly.com/demo-host/deep-dive/2026-09-18T19:30:00Z
Working Session,working-session,45,2026-09-18T14:45:00-05:00,2026-09-18T15:30:00-05:00,America/Chicago,1,https://calendly.com/demo-host/working-session/2026-09-18T19:45:00Z
